deployment_id,replicas,initial_cpu,applied_cpu,initial_avg_memory_consumption,applied_memory_consumption,initial_avg_latency,applied_latency,label
21992016,1,0.89,0.83,120.41,105.96,37.78,37.46,0
63897693,1,0.24,0.23,167.37,164.02,56.52,58.33,0
82058835,1,0.42,0.36,86.69,80.62,3.5,3.42,0
47237756,1,0.42,0.35,86.2,81.89,42.96,40.97,0
40285710,1,0.32,0.26,173.62,142.37,33.43,33.25,0
18074333,1,0.6,0.53,91.58,84.25,28.47,27.67,0
50645674,1,0.75,0.71,187.77,184.01,26.35,26.01,0
96305694,1,0.78,0.69,134.0,121.94,40.47,42.47,0
61878977,1,0.96,0.87,177.69,147.48,5.25,5.42,0
65329520,1,0.26,0.22,182.15,158.47,9.0,8.88,0
75114547,1,0.51,0.41,156.09,152.97,20.83,21.37,0
48059542,1,0.79,0.74,170.38,158.45,38.47,38.23,0
78278894,1,0.24,0.2,145.94,124.05,56.33,56.34,0
50263879,1,0.37,0.36,186.4,162.17,30.88,31.71,0
43048276,1,0.78,0.68,160.74,128.59,45.75,47.09,0
79218238,1,0.44,0.39,164.49,161.2,8.29,8.39,0
78123195,1,0.89,0.82,139.51,131.14,19.24,19.43,0
74618085,1,0.62,0.6,101.14,91.03,35.83,35.72,0
40558352,1,0.54,0.43,124.4,102.01,27.86,27.8,0
11790880,1,0.43,0.41,190.39,184.68,53.01,54.64,0
28189285,1,0.92,0.75,126.98,109.2,13.88,14.53,0
88830533,1,0.21,0.18,106.33,94.63,9.91,9.77,0
46885760,1,0.23,0.21,143.71,136.52,22.35,21.41,0
62046910,1,0.83,0.8,102.71,84.22,41.13,39.97,0
41996766,1,0.23,0.21,88.34,70.67,28.57,27.99,0
45397709,1,0.59,0.55,170.43,155.09,14.72,15.45,0
51536971,1,0.73,0.62,160.14,129.71,40.45,40.92,0
36363791,1,0.4,0.35,84.99,74.79,54.97,56.9,0
54552462,1,0.96,0.95,187.77,170.87,2.78,2.77,0
78415234,1,0.24,0.22,153.27,127.21,49.25,50.39,0
76168805,1,0.26,0.24,84.56,81.18,20.44,19.6,0
72802941,1,0.43,0.35,147.5,134.22,14.9,15.16,0
72077513,1,0.72,0.68,151.17,146.63,26.83,27.12,0
71902688,1,0.29,0.26,125.76,105.64,32.23,32.67,0
45977277,1,0.62,0.55,150.83,147.81,46.62,46.83,0
36383369,1,0.76,0.74,155.8,138.66,40.19,40.86,0
12844038,1,0.98,0.84,185.96,182.24,3.28,3.13,0
29538986,1,0.89,0.78,138.58,124.72,57.72,58.89,0
59609093,1,0.49,0.43,82.59,70.2,19.5,19.51,0
68776610,1,0.66,0.53,98.32,92.42,24.12,24.81,0
60602292,1,0.4,0.36,139.52,119.99,9.45,9.21,0
37781944,1,0.79,0.77,109.56,101.89,51.98,50.15,0
24272160,1,0.78,0.73,86.58,82.25,57.61,56.15,0
15597437,1,0.96,0.87,193.32,175.92,53.0,54.1,0
19771294,1,0.51,0.41,146.11,116.89,16.17,16.74,0
69291474,1,0.75,0.61,120.35,97.48,5.27,5.35,0
76549915,1,0.51,0.48,158.1,145.45,38.36,37.35,0
13313646,1,0.36,0.31,125.64,104.28,43.96,42.75,0
97463464,1,0.49,0.41,148.93,125.1,6.42,6.16,0
47199178,1,0.34,0.29,90.36,77.71,57.89,58.54,0
59679230,1,0.74,0.65,116.33,93.06,30.48,29.99,0
71095339,1,0.81,0.67,131.07,111.41,7.73,7.96,0
19647008,1,0.62,0.51,145.62,131.06,36.38,36.15,0
68381928,1,0.86,0.71,198.67,176.82,50.61,52.93,0
33771169,1,0.57,0.55,189.99,186.19,42.36,40.24,0
37152709,1,0.96,0.81,137.87,114.43,9.57,9.42,0
42483573,1,0.24,0.21,96.65,89.88,16.29,16.59,0
93630006,1,0.7,0.59,153.73,144.51,48.58,50.61,0
44175317,1,0.32,0.26,94.12,87.53,50.84,51.65,0
52655475,1,0.25,0.24,172.59,165.69,6.6,6.72,0
32988543,1,0.67,0.59,158.67,145.98,24.05,23.7,0
82867689,1,0.22,0.19,91.1,74.7,5.58,5.36,0
28579823,1,0.82,0.68,167.29,148.89,2.36,2.37,0
44368133,1,0.79,0.77,169.81,161.32,55.42,52.79,0
93521635,1,0.82,0.66,135.88,127.73,44.55,44.67,0
72945676,1,0.52,0.44,176.88,146.81,8.43,8.24,0
16408682,1,0.77,0.63,190.54,158.15,45.81,45.49,0
55531925,1,0.64,0.52,154.14,140.27,56.05,57.51,0
15312170,1,0.99,0.86,113.78,93.3,25.25,26.36,0
19601249,1,0.81,0.69,129.22,125.34,1.17,1.19,0
73459865,1,0.22,0.18,159.54,135.61,33.91,34.98,0
12967992,1,0.78,0.67,175.54,156.23,3.38,3.27,0
37458554,1,0.35,0.32,167.69,159.31,10.21,10.36,0
87525948,1,0.75,0.73,126.39,125.13,28.95,28.59,0
37711085,1,0.45,0.38,134.06,107.25,7.65,7.38,0
88805563,1,0.52,0.42,173.05,140.17,56.42,56.02,0
70640040,1,0.33,0.32,80.51,74.07,17.55,18.16,0
53625566,1,0.47,0.38,172.49,141.44,40.17,39.24,0
32384041,1,0.9,0.87,105.71,100.42,16.79,16.32,0
76001781,1,0.65,0.58,97.28,79.77,33.79,33.24,0
42974274,1,0.41,0.36,191.12,183.48,54.8,53.63,0
85382210,1,0.42,0.37,111.32,97.96,44.16,44.5,0
80458958,1,0.99,0.8,179.45,170.48,11.63,11.07,0
33581368,1,0.36,0.29,107.07,94.22,58.13,58.25,0
53794144,1,0.96,0.8,124.71,122.22,54.39,56.02,0
87870929,1,0.94,0.92,93.12,85.67,7.6,7.97,0
20521310,1,0.94,0.75,101.59,86.35,30.81,30.34,0
64056873,1,0.23,0.18,195.0,159.9,10.97,11.0,0
66631741,1,0.69,0.64,121.44,110.51,24.27,23.54,0
18302650,1,0.29,0.24,148.68,129.35,35.47,35.95,0
81877965,1,0.79,0.73,112.65,96.88,6.2,5.96,0
38685967,1,0.49,0.47,157.03,149.18,39.2,40.97,0
32403930,1,0.62,0.55,135.61,117.98,15.48,16.11,0
77685134,1,0.53,0.49,191.12,173.92,53.28,52.16,0
30253713,1,1.0,0.94,105.66,92.98,57.55,57.09,0
84534282,1,0.5,0.49,130.23,113.3,10.94,10.46,0
61578164,1,0.79,0.71,100.13,93.12,57.9,59.97,0
32200228,1,0.44,0.37,170.95,158.98,34.29,33.97,0
90181473,1,0.7,0.64,123.75,120.04,56.3,58.26,0
54633515,1,0.62,0.5,183.02,148.25,21.03,21.05,0
26775826,1,0.48,0.39,190.82,181.28,57.15,57.56,0
50921379,1,0.42,0.37,195.73,183.99,13.89,14.16,0
72353800,1,0.91,0.81,91.91,87.31,41.59,40.48,0
84597954,1,0.43,0.42,189.07,160.71,20.34,21.0,0
51147906,1,0.56,0.46,93.04,89.32,51.63,49.75,0
60109742,1,0.28,0.24,154.29,152.75,33.98,32.51,0
18924537,1,0.82,0.68,85.26,72.47,58.63,60.79,0
73068371,1,0.82,0.7,167.39,160.69,37.58,37.25,0
16463750,1,0.25,0.23,127.18,103.02,3.06,3.07,0
85285659,1,0.53,0.45,163.46,138.94,48.07,48.22,0
87404902,1,0.46,0.44,157.31,147.87,32.76,32.67,0
27446851,1,0.94,0.76,149.56,121.14,53.82,53.54,0
21908000,1,0.84,0.7,163.07,143.5,25.61,25.08,0
56081058,1,0.31,0.25,142.51,125.41,10.72,10.22,0
56356744,1,0.65,0.52,132.14,118.93,42.19,40.51,0
90827085,1,0.29,0.25,103.05,102.02,41.88,41.09,0
47506472,1,0.26,0.22,119.22,103.72,26.38,26.24,0
12357841,1,0.25,0.23,122.57,121.34,22.82,22.58,0
72971629,1,0.55,0.52,175.99,165.43,52.84,53.95,0
62105252,1,0.34,0.31,155.67,141.66,25.0,24.46,0
11008040,1,0.47,0.43,144.58,124.34,25.57,26.79,0
71042421,1,0.76,0.63,80.5,68.42,5.03,4.86,0
15427930,1,0.59,0.48,198.32,188.4,3.79,3.8,0
22960817,1,0.68,0.65,88.66,75.36,55.54,57.25,0
20715635,1,0.6,0.52,130.28,110.74,52.46,54.41,0
44450955,1,0.88,0.77,88.99,82.76,19.08,18.55,0
30841082,1,0.77,0.74,99.48,86.55,32.32,31.05,0
57467308,1,0.47,0.45,181.35,174.1,18.76,18.45,0
33874375,1,0.38,0.33,84.01,78.13,37.28,37.76,0
84234110,1,0.75,0.68,195.94,158.71,37.31,36.64,0
74744685,1,0.31,0.29,158.44,153.69,31.47,32.88,0
15385054,1,0.84,0.75,98.11,86.34,41.7,40.62,0
82029377,1,0.84,0.68,91.67,79.75,11.32,11.86,0
90381578,1,0.49,0.4,103.39,85.81,53.06,52.15,0
98629634,1,0.83,0.8,176.44,146.45,19.9,18.92,0
86743860,1,0.26,0.22,97.25,88.5,31.0,30.89,0
92640980,1,0.97,0.96,102.41,93.19,39.86,41.24,0
21280109,1,0.6,0.48,137.21,133.09,40.79,41.9,0
11211014,1,0.67,0.65,109.59,98.63,10.25,9.96,0
99315730,1,0.9,0.85,144.38,128.5,55.32,57.95,0
82355237,1,0.97,0.81,110.36,107.05,28.16,28.85,0
27232500,1,0.41,0.33,180.59,158.92,50.63,50.41,0
41809122,1,0.68,0.56,83.94,73.87,40.93,42.85,0
87770920,1,0.7,0.61,112.05,89.64,52.39,53.09,0
61245191,1,0.35,0.28,108.98,88.27,26.82,25.96,0
71103326,1,0.68,0.67,153.26,130.27,30.48,31.81,0
98618952,1,0.6,0.49,156.63,126.87,3.2,3.1,0
34677507,1,0.39,0.37,98.68,85.85,50.9,48.41,0
59492577,1,0.26,0.22,181.89,156.43,38.0,39.43,0
81722441,1,0.8,0.64,84.93,78.14,22.53,23.01,0
86196262,1,0.25,0.21,180.01,165.61,59.56,58.02,0
70756011,1,0.25,0.22,173.67,149.36,17.62,16.92,0
94317722,1,0.2,0.19,167.5,152.43,21.81,22.73,0
87474820,1,0.96,0.91,138.98,123.69,50.18,47.78,0
32659183,1,0.86,0.76,89.13,82.89,39.57,39.28,0
71034099,1,0.21,0.18,101.02,91.93,31.35,31.73,0
76370677,1,0.27,0.26,198.71,178.84,4.22,4.33,0
18186009,1,0.42,0.36,178.26,167.56,5.85,5.56,0
60056928,1,0.9,0.84,190.41,180.89,1.84,1.88,0
61359636,1,0.63,0.55,166.72,143.38,8.38,8.54,0
67704945,1,0.56,0.49,160.14,144.13,18.74,19.17,0
61967034,1,0.26,0.24,149.83,142.34,38.69,40.37,0
20966230,1,0.9,0.85,148.51,120.29,6.05,6.22,0
70620062,1,0.97,0.95,130.73,116.35,19.48,19.02,0
21086666,1,0.69,0.59,195.29,171.86,30.21,30.25,0
19183587,1,0.48,0.42,89.39,73.3,48.34,50.56,0
48686657,1,0.96,0.89,195.95,186.15,20.18,20.73,0
83350971,1,0.79,0.77,152.56,125.1,43.08,41.54,0
12392723,1,0.45,0.45,99.1,89.19,31.29,32.85,0
26040076,1,0.78,0.69,124.85,121.1,45.41,44.05,0
11334085,1,0.28,0.22,85.05,73.14,54.38,53.97,0
40830710,1,0.94,0.93,127.11,102.96,37.31,36.09,0
74330762,1,0.36,0.31,187.0,160.82,1.75,1.7,0
17667025,1,0.92,0.85,179.85,163.66,16.89,16.4,0
15006716,1,0.95,0.83,134.42,114.26,43.32,45.23,0
42944222,1,0.64,0.52,171.73,152.84,21.46,21.37,0
15534044,1,0.57,0.51,150.64,126.54,8.28,8.34,0
97906860,1,0.67,0.66,117.95,113.23,18.13,18.78,0
83223670,1,0.84,0.78,82.69,81.04,39.91,40.03,0
66378146,1,0.67,0.65,117.26,102.02,46.01,45.2,0
90206089,1,0.26,0.21,192.01,178.57,36.35,37.91,0
37603904,1,0.86,0.77,110.5,108.29,33.83,32.43,0
42977501,1,0.53,0.44,182.98,159.19,38.59,38.52,0
31198130,1,0.91,0.85,112.6,96.84,34.48,34.2,0
22095686,1,0.43,0.39,123.87,117.68,14.04,13.85,0
76678074,1,0.87,0.78,120.22,108.2,17.13,16.52,0
80026946,1,0.35,0.3,88.81,75.49,57.0,59.47,0
63375054,1,0.48,0.47,89.46,79.62,2.39,2.44,0
58869178,1,0.61,0.57,189.39,172.34,44.33,46.41,0
70648080,1,0.76,0.62,162.71,148.07,24.98,23.96,0
28241312,1,0.66,0.63,182.13,174.84,15.11,15.76,0
24404556,1,0.89,0.73,189.05,168.25,14.68,14.18,0
36722272,1,0.45,0.4,185.7,165.27,17.19,17.53,0
96659044,1,0.52,0.45,137.52,112.77,13.5,13.5,0
16390400,1,0.22,0.18,176.18,142.71,28.76,29.51,0
10618442,1,0.65,0.62,190.02,155.82,43.05,43.19,0
14649671,1,0.73,0.72,120.73,112.28,56.38,55.88,0
55590273,1,0.46,0.38,161.0,149.73,55.07,53.28,0
25281424,1,0.59,0.51,175.74,147.62,37.41,39.25,0
69334287,1,0.76,0.66,125.99,113.39,46.98,49.12,0
71411117,1,0.68,0.65,178.14,172.8,45.19,47.17,0
67337894,1,0.37,0.36,150.12,139.61,11.86,11.71,0
34601196,1,0.77,0.72,90.27,74.92,24.74,23.97,0
58185555,1,0.63,0.57,155.87,140.28,56.72,58.32,0
23362576,1,0.27,0.23,140.95,122.63,54.6,54.04,0
44291308,1,0.6,0.52,157.85,134.17,16.86,16.34,0
36003776,1,0.8,0.64,146.69,120.29,32.95,31.85,0
69632439,1,0.95,0.91,195.21,162.02,7.92,7.62,0
82905258,1,0.6,0.53,146.96,117.57,42.74,42.99,0
40441824,1,0.48,0.4,173.92,170.44,28.01,26.78,0
80833945,1,0.55,0.5,134.54,129.16,59.21,59.95,0
74009992,1,0.76,0.65,162.23,137.9,7.03,7.24,0
12430008,1,0.63,0.5,146.67,143.74,4.6,4.62,0
49733304,1,0.81,0.69,146.77,142.37,21.36,20.88,0
14410108,1,0.7,0.68,180.86,173.63,19.57,20.3,0
80204850,1,0.53,0.49,120.48,109.64,13.14,12.51,0
82049999,1,0.43,0.35,161.29,150.0,54.33,56.64,0
19224632,1,0.54,0.45,175.36,140.29,30.07,29.41,0
11181502,1,0.52,0.47,171.98,163.38,15.01,15.46,0
28138212,1,0.74,0.65,177.9,161.89,41.02,40.02,0
16323194,1,0.54,0.49,143.74,126.49,27.49,27.1,0
80032188,1,0.47,0.43,114.43,97.27,8.98,9.1,0
81959365,1,0.63,0.52,133.19,129.19,48.61,47.19,0
82629018,1,0.27,0.26,192.69,183.06,51.76,51.12,0
68149444,1,0.25,0.23,186.22,160.15,27.56,27.7,0
35178292,1,0.7,0.58,139.56,136.77,7.81,8.11,0
31456569,1,0.74,0.66,119.37,96.69,19.49,18.72,0
44269653,1,0.31,0.26,83.36,73.36,33.02,33.51,0
53590673,1,0.48,0.46,111.41,90.24,22.75,22.38,0
23365184,1,0.34,0.28,185.81,183.95,59.35,58.87,0
86812344,1,0.8,0.7,179.24,164.9,48.31,46.89,0
89789708,1,0.55,0.45,129.07,112.29,6.73,6.74,0
38439180,1,0.71,0.6,189.1,185.32,43.44,41.69,0
90781126,1,0.22,0.18,145.85,128.35,42.55,42.93,0
97709871,1,0.32,0.26,190.62,165.84,58.81,56.47,0
13064285,1,0.91,0.76,188.55,162.15,3.34,3.32,0
78685930,1,0.23,0.21,166.66,159.99,4.89,5.11,0
89876894,1,0.91,0.83,134.18,128.81,30.42,29.62,0
86055300,1,0.34,0.34,149.48,134.53,6.79,7.11,0
86066996,1,0.96,0.88,132.24,107.11,19.28,18.69,0
33791406,1,0.45,0.36,155.81,129.32,43.34,43.18,0
93357316,1,0.45,0.39,174.1,147.98,21.32,21.96,0
77841710,1,0.37,0.34,84.4,73.43,53.36,55.87,0
22252398,1,0.52,0.44,189.25,174.11,29.21,28.67,0
33893987,1,0.92,0.87,102.01,84.67,29.66,29.53,0
15162281,1,0.82,0.71,100.68,97.66,18.51,18.88,0
66818833,1,0.37,0.36,174.96,162.71,25.57,25.13,0
43759715,1,0.69,0.62,128.99,113.51,22.15,21.15,0
18641059,1,0.23,0.19,173.11,138.49,22.57,23.21,0
43010224,1,0.4,0.34,107.98,93.94,56.51,58.84,0
87856607,1,0.68,0.6,101.27,91.14,39.99,39.06,0
56044302,1,0.92,0.86,88.95,83.61,25.11,24.09,0
18551328,1,0.81,0.77,120.04,118.84,39.74,41.0,0
79200849,1,0.64,0.61,178.98,144.97,29.69,30.72,0
61546436,1,0.99,0.84,181.85,161.85,50.29,48.74,0
75279720,1,0.4,0.33,152.47,140.27,10.62,10.53,0
69291526,1,0.76,0.63,157.35,149.48,40.28,39.24,0
50060655,1,0.56,0.53,85.06,75.7,46.71,47.07,0
80540052,1,0.36,0.32,167.35,157.31,13.94,13.75,0
19373281,1,0.71,0.62,97.28,95.33,39.05,38.29,0
95542457,1,0.94,0.82,181.0,175.57,43.01,44.74,0
64001436,1,0.82,0.73,84.87,68.74,9.94,10.3,0
28507227,1,0.4,0.38,86.17,76.69,11.29,11.57,0
51529504,1,0.21,0.17,174.89,141.66,16.5,16.75,0
74364269,1,0.37,0.33,190.79,188.88,4.03,3.83,0
56139470,1,0.85,0.76,155.54,132.21,10.22,10.62,0
93934598,1,0.76,0.62,193.68,164.63,10.54,10.41,0
37491477,1,0.57,0.52,143.05,115.87,3.63,3.74,0
91690107,1,0.26,0.24,115.13,96.71,30.47,31.14,0
26843639,1,0.35,0.35,122.11,107.46,7.14,7.3,0
32757623,1,0.26,0.23,116.61,101.45,47.49,45.7,0
13278433,1,0.34,0.33,154.61,139.15,29.37,28.32,0
63273134,1,0.91,0.82,140.46,123.6,53.94,55.88,0
62669488,1,0.4,0.38,167.61,144.14,35.63,35.95,0
26631880,1,0.63,0.59,164.81,143.38,48.76,46.47,0
25258961,1,0.28,0.23,97.45,94.53,51.2,49.28,0
20348639,1,0.48,0.43,184.73,149.63,17.88,17.1,0
65251666,1,0.32,0.31,141.13,131.25,33.26,33.69,0
78826236,1,0.88,0.75,122.61,107.9,24.14,24.31,0
84159574,1,0.51,0.45,174.11,170.63,27.91,26.83,0
29328663,1,0.92,0.79,144.74,123.03,33.94,35.58,0
54450569,1,0.81,0.78,123.52,100.05,11.83,11.93,0
31654119,1,0.88,0.73,145.99,124.09,40.2,41.28,0
29417831,1,0.71,0.61,118.47,97.15,23.17,23.8,0
65967446,1,0.26,0.25,93.54,83.25,20.28,21.15,0
40882260,1,0.67,0.54,166.26,154.62,41.47,42.01,0
83592740,1,0.47,0.41,139.71,125.74,20.9,21.7,0
91851666,1,0.94,0.9,176.41,157.0,55.08,52.67,0
52186609,1,0.54,0.48,102.6,94.39,23.92,24.77,0
37191786,1,0.75,0.7,183.77,148.85,34.65,33.46,0
74368638,1,0.58,0.47,115.89,106.62,6.73,7.04,0
70058146,1,0.91,0.73,92.39,91.47,31.61,30.14,0
34093182,1,0.55,0.5,193.04,177.6,28.38,27.8,0
82194532,1,0.54,0.53,127.25,105.62,1.04,1.06,0
44469517,1,0.94,0.77,90.65,82.49,35.18,36.29,0
33047320,1,0.82,0.68,106.21,104.09,36.39,35.69,0
63773028,1,0.95,0.76,171.47,161.18,26.57,26.67,0
62969823,1,0.56,0.52,101.39,96.32,30.83,29.54,0
31910358,1,0.27,0.25,169.55,140.73,10.46,10.43,0
57154534,1,0.46,0.37,153.0,131.58,4.96,4.93,0
40116979,1,0.97,0.93,143.41,136.24,2.4,2.43,0
94126032,1,0.67,0.57,187.51,181.88,41.56,43.46,0
31035398,1,0.85,0.68,139.32,118.42,15.72,15.68,0
92257295,1,0.91,0.9,112.52,109.14,27.57,27.9,0
29179435,1,0.46,0.43,197.44,173.75,40.81,40.62,0
78280423,1,0.32,0.3,117.09,105.38,13.23,12.98,0
28935906,1,0.63,0.62,121.89,101.17,17.23,17.46,0
86391029,1,0.45,0.44,111.98,98.54,16.96,16.94,0
11746112,1,0.85,0.78,119.38,102.67,6.35,6.38,0
48965045,1,0.46,0.38,169.79,166.39,58.12,58.8,0
65106063,1,0.72,0.71,136.85,125.9,13.01,12.49,0
78067190,1,0.84,0.68,95.46,92.6,41.48,41.15,0
99095239,1,0.25,0.23,98.2,82.49,45.29,45.27,0
86151219,1,0.55,0.54,102.23,90.98,26.01,26.28,0
61912359,1,0.55,0.51,145.79,135.58,58.94,57.79,0
23468758,1,0.33,0.27,99.89,95.89,18.7,18.93,0
70131823,1,0.48,0.47,156.38,154.82,20.19,19.69,0
21923953,1,0.47,0.45,109.26,90.69,1.96,1.97,0
13867390,1,0.49,0.44,153.86,135.4,18.88,18.85,0
42260923,1,0.47,0.38,110.39,92.73,15.97,15.45,0
19704646,1,0.73,0.71,127.39,124.84,46.8,46.53,0
63206697,1,0.87,0.75,154.44,131.27,49.58,48.91,0
21302221,1,0.56,0.48,174.61,139.69,9.01,9.3,0
89578230,1,0.99,0.9,175.12,164.61,35.65,35.44,0
53954460,1,0.31,0.3,114.06,100.37,52.35,50.19,0
28946334,1,0.88,0.71,192.14,176.77,5.96,5.7,0
43445776,1,0.69,0.65,192.8,160.02,29.21,29.42,0
57957204,1,0.34,0.3,191.75,157.23,5.45,5.48,0
19273615,1,0.31,0.25,160.98,151.32,9.09,8.97,0
64009928,1,0.81,0.68,190.26,180.75,45.13,43.97,0
32762401,1,0.25,0.2,152.93,146.81,16.33,15.97,0
70985569,1,0.7,0.57,112.77,102.62,45.23,44.72,0
39926611,1,0.69,0.58,109.21,97.2,15.3,15.92,0
73935273,1,0.77,0.72,159.37,156.18,46.41,47.82,0
88308927,1,0.38,0.34,186.93,177.58,55.52,56.65,0
32771609,1,0.84,0.81,122.86,105.66,1.5,1.5,0
53768853,1,0.44,0.38,150.79,140.23,48.39,48.25,0
95713641,1,0.97,0.95,84.66,78.73,51.08,51.57,0
54035665,1,0.37,0.33,106.69,102.42,14.46,13.85,0
92619322,1,0.78,0.66,179.13,143.3,51.91,50.58,0
82498983,1,0.26,0.25,180.35,169.53,12.42,12.27,0
92678962,1,0.76,0.67,186.43,167.79,16.1,15.63,0
46876625,1,0.38,0.35,126.74,115.33,40.53,38.64,0
49216315,1,0.9,0.8,159.68,140.52,8.16,8.5,0
21655886,1,0.89,0.87,193.3,168.17,5.79,5.6,0
56062019,1,0.93,0.79,118.33,100.58,37.06,36.32,0
59811111,1,0.57,0.51,180.0,174.6,51.41,49.01,0
60954358,1,0.44,0.43,198.98,196.99,53.98,53.11,0
29652635,1,0.31,0.27,114.13,106.14,48.89,49.76,0
22821065,1,0.86,0.75,128.78,127.49,7.87,8.08,0
24583205,1,0.28,0.24,190.68,177.33,16.66,16.97,0
41648066,1,0.59,0.48,98.42,81.69,1.19,1.17,0
74421028,1,0.35,0.29,148.46,120.25,21.6,21.59,0
67683323,1,0.87,0.8,198.14,196.16,36.77,35.45,0
19320177,1,0.54,0.52,146.14,116.91,58.41,58.47,0
64733507,1,0.27,0.23,164.64,154.76,16.17,16.56,0
91480005,1,0.84,0.68,86.75,71.13,18.21,17.4,0
42246109,1,0.58,0.47,148.41,143.96,10.38,9.93,0
83211349,1,0.73,0.72,103.56,82.85,17.23,16.55,0
82270791,1,0.48,0.43,85.55,80.42,10.0,10.44,0
12664887,1,0.82,0.69,194.0,157.14,15.57,16.25,0
51756289,1,0.59,0.54,138.32,110.66,54.02,51.7,0
97781017,1,0.98,0.88,92.99,85.55,10.47,10.3,0
44735436,1,0.58,0.56,120.74,107.46,42.44,44.25,0
74321144,1,0.74,0.71,150.52,127.94,3.7,3.69,0
98929866,1,0.42,0.36,153.15,137.84,6.43,6.16,0
10460209,1,0.87,0.73,123.71,103.92,8.04,7.8,0
77683024,1,0.5,0.45,121.36,114.08,46.85,47.25,0
10374896,1,0.78,0.66,91.82,82.64,50.0,50.7,0
17636277,1,0.83,0.66,145.16,142.26,37.89,38.9,0
33438241,1,0.51,0.43,194.72,175.25,17.59,18.25,0
96779918,1,0.83,0.79,137.36,134.61,32.92,32.52,0
62900305,1,0.67,0.63,128.62,111.9,51.08,51.51,0
20561867,1,1.0,0.87,171.93,149.58,4.94,4.85,0
72081949,1,0.41,0.36,100.45,96.43,30.39,29.6,0
29261577,1,0.45,0.44,150.42,124.85,31.76,32.2,0
99624600,1,0.68,0.61,132.39,113.86,6.92,6.82,0
74301665,1,0.78,0.72,102.84,86.39,17.08,16.24,0
72847908,1,0.43,0.37,93.64,80.53,9.54,9.79,0
74422566,1,0.24,0.22,102.77,88.38,15.89,16.24,0
84275108,1,0.74,0.7,187.51,161.26,22.36,21.95,0
17698999,1,0.89,0.81,94.2,85.72,51.81,52.25,0
50880159,1,0.59,0.56,144.73,118.68,7.2,6.95,0
58940822,1,0.83,0.74,104.43,93.99,38.07,39.1,0
47382213,1,0.74,0.65,102.38,89.07,17.2,17.95,0
60791665,1,0.99,0.94,141.86,123.42,34.08,35.12,0
61116403,1,0.28,0.26,195.84,164.51,7.2,6.91,0
37845063,1,0.95,0.79,151.85,133.63,23.33,23.28,0
40009285,1,0.53,0.5,137.46,116.84,15.35,15.85,0
69133485,1,0.94,0.83,167.85,157.78,33.98,33.01,0
54725092,1,0.7,0.64,178.97,143.18,37.9,38.66,0
37036566,1,0.79,0.66,168.94,160.49,5.03,5.24,0
80548493,1,0.88,0.72,188.13,182.49,27.14,26.45,0
48819394,1,0.87,0.77,185.4,150.17,43.92,43.6,0
93652241,1,0.67,0.57,107.99,89.63,32.07,31.59,0
80623127,1,0.45,0.37,110.4,89.42,20.9,21.26,0
23017876,1,0.51,0.46,188.55,165.92,47.89,47.25,0
50352092,1,0.33,0.32,80.13,78.53,46.65,47.21,0
15848984,1,0.74,0.66,89.56,85.08,47.78,47.83,0
69251624,1,0.67,0.66,158.94,135.1,52.12,52.56,0
35331613,1,0.73,0.67,90.81,79.91,23.89,23.96,0
44659942,1,0.39,0.33,146.04,140.2,33.58,34.29,0
94357064,1,0.51,0.46,181.38,177.75,38.54,36.94,0
36378381,1,0.48,0.47,111.79,107.32,2.25,2.18,0
44285184,1,0.47,0.4,171.18,164.33,29.84,29.13,0
18882430,1,0.48,0.45,164.11,155.9,31.28,32.65,0
56204967,1,0.87,0.71,80.27,76.26,28.85,29.56,0
42539765,1,0.25,0.21,166.02,146.1,3.08,3.19,0
15302509,1,0.89,0.72,146.15,143.23,19.16,18.78,0
86626630,1,0.78,0.63,171.11,145.44,30.21,30.55,0
37005356,1,0.52,0.5,113.96,99.15,46.42,48.48,0
39383223,1,0.73,0.63,89.48,79.64,18.43,18.2,0
53197619,1,0.29,0.27,184.39,151.2,41.93,41.53,0
75414953,1,0.69,0.57,103.91,89.36,38.49,39.94,0
35021373,1,0.33,0.31,182.86,160.92,21.1,21.49,0
18476689,1,0.5,0.49,124.68,102.24,26.56,27.73,0
54932115,1,0.34,0.31,104.46,101.33,19.7,20.37,0
16424513,1,0.97,0.84,168.18,163.13,8.4,8.65,0
14095424,1,0.31,0.25,184.72,149.62,57.89,57.46,0
65253325,1,0.79,0.66,187.51,178.13,38.92,38.37,0
71336990,1,0.26,0.23,156.71,145.74,45.77,47.43,0
28026376,1,0.84,0.73,142.5,119.7,41.87,40.88,0
54562429,1,0.46,0.42,81.79,70.34,9.56,9.27,0
86280692,1,0.28,0.24,151.26,124.03,17.52,17.9,0
59728227,1,0.89,0.76,191.48,176.16,14.17,13.83,0
28105298,1,0.71,0.6,94.47,93.53,9.31,9.7,0
46083521,1,0.6,0.58,97.03,77.62,40.28,40.84,0
47836860,1,0.48,0.42,137.62,122.48,47.17,45.11,0
48677380,1,0.43,0.43,132.41,125.79,56.52,57.05,0
18794439,1,0.48,0.4,135.46,127.33,58.48,59.43,0
71301132,1,0.56,0.5,106.71,103.51,30.08,28.7,0
90989612,1,0.3,0.28,159.34,146.59,7.12,7.47,0
27746605,1,0.34,0.33,146.49,121.59,42.55,40.64,0
47489417,1,0.68,0.58,148.09,134.76,47.64,45.65,0
98090090,1,0.71,0.62,189.52,153.51,12.09,12.21,0
78515917,1,0.77,0.66,160.74,149.49,56.35,54.7,0
18617433,1,0.28,0.26,122.12,107.47,46.56,46.59,0
91367260,1,0.79,0.73,128.18,114.08,14.95,14.98,0
81430200,1,0.36,0.33,171.61,144.15,3.26,3.13,0
69709219,1,0.67,0.66,189.75,168.88,50.63,48.93,0
98869988,1,0.72,0.6,106.63,98.1,22.99,22.48,0
11222108,1,0.43,0.36,91.4,88.66,40.73,40.18,0
23877719,1,0.73,0.66,128.39,104.0,59.98,58.87,0
86692443,1,0.5,0.41,110.44,109.34,40.47,41.92,0
31803239,1,0.89,0.81,186.24,176.93,51.47,53.71,0
71578127,1,0.56,0.46,113.93,111.65,15.09,14.47,0
34911368,1,0.93,0.81,171.41,164.55,53.53,54.52,0
66981781,1,0.52,0.49,122.53,115.18,29.03,28.57,0
68701945,1,0.49,0.49,142.06,120.75,12.97,13.5,0
52577751,1,0.57,0.54,169.62,154.35,10.89,10.9,0
43566671,1,0.45,0.41,81.3,78.86,53.65,56.16,0
47232570,1,0.95,0.89,169.87,149.49,53.72,51.19,0
59432078,1,0.41,0.4,151.66,125.88,46.47,48.73,0
46762023,1,0.34,0.28,84.14,70.68,59.26,59.84,0
93819489,1,0.88,0.72,99.96,89.96,34.2,34.76,0
66828240,1,0.85,0.77,117.98,115.62,28.19,27.33,0
25924815,1,0.69,0.68,189.27,170.34,46.21,44.65,0
66788288,1,0.37,0.36,163.02,151.61,10.41,10.84,0
98863981,1,0.3,0.28,81.1,79.48,17.49,18.24,0
58684316,1,0.25,0.23,153.36,128.82,51.18,53.44,0
63561493,1,0.51,0.48,88.62,74.44,48.39,47.6,0
76335558,1,0.26,0.21,161.2,149.92,29.76,29.91,0
29256915,1,0.74,0.62,151.55,145.49,54.62,54.01,0
83091670,1,0.61,0.52,177.07,150.51,52.78,54.66,0
79412419,1,0.72,0.71,167.87,161.16,6.14,5.89,0
35141266,1,0.33,0.3,133.88,124.51,6.23,6.52,0
57515164,1,0.87,0.85,173.72,154.61,57.62,60.49,0
54668991,1,0.88,0.74,167.92,137.69,28.49,29.61,0
63183896,1,0.94,0.91,141.43,127.29,39.93,38.92,0
11261700,1,0.67,0.58,114.73,108.99,17.42,18.18,0
19911562,1,0.74,0.73,115.56,102.85,8.53,8.45,0
81225127,1,0.34,0.32,171.3,159.31,53.09,52.92,0
32889048,1,0.21,0.18,192.84,183.2,8.31,8.1,0
70503075,1,0.63,0.57,139.91,127.32,43.41,42.85,0
88476592,1,0.87,0.75,177.82,170.71,17.75,17.22,0
18448747,1,0.71,0.69,104.12,95.79,19.25,19.8,0
78449869,1,0.85,0.72,152.23,133.96,57.23,57.31,0
11827244,1,0.87,0.79,149.44,146.45,48.95,50.83,0
65958590,1,0.22,0.18,149.25,131.34,2.74,2.67,0
67037723,1,0.39,0.35,169.87,154.58,19.94,19.6,0
38463263,1,0.87,0.72,176.54,148.29,47.82,49.18,0
39485754,1,0.97,0.94,100.73,84.61,44.84,46.03,0
98568208,1,0.56,0.46,126.28,123.75,53.73,53.0,0
39705798,1,0.4,0.34,103.46,85.87,43.27,43.97,0
11308416,1,0.54,0.48,160.65,138.16,50.91,52.15,0
65622389,1,0.7,0.59,164.32,147.89,52.35,49.97,0
58934938,1,0.74,0.7,188.72,175.51,25.98,26.55,0
42843038,1,0.24,0.23,194.99,175.49,3.88,3.8,0
87082853,1,0.67,0.58,154.58,137.58,9.49,9.89,0
13179418,1,0.38,0.37,145.2,132.13,56.19,56.47,0
18697188,1,0.22,0.18,140.62,119.53,52.03,51.46,0
93815067,1,0.24,0.21,186.77,183.03,50.86,52.02,0
75974149,1,0.21,0.17,92.18,84.81,57.09,54.29,0
50604784,1,0.37,0.3,109.31,91.82,57.67,59.83,0
29779828,1,0.32,0.29,192.18,186.41,52.43,54.05,0
12266794,1,1.0,0.82,118.53,113.79,51.53,52.94,0
74905001,1,0.92,0.83,189.35,162.84,45.0,46.21,0
30060438,1,0.43,0.42,190.82,181.28,29.18,29.0,0
53805615,1,0.26,0.22,122.07,117.19,49.44,51.11,0
31892351,1,0.83,0.73,127.56,113.53,45.37,45.41,0
25699061,1,0.66,0.62,129.33,118.98,13.1,12.63,0
93180184,1,0.62,0.51,154.3,126.53,16.02,16.54,0
90619359,1,0.84,0.76,148.26,130.47,32.55,32.23,0
31276889,1,0.47,0.44,142.06,122.17,27.83,26.72,0
37758731,1,0.67,0.64,113.87,101.34,45.21,43.49,0
88628621,1,0.99,0.88,164.18,142.84,49.14,47.99,0
28745823,1,0.52,0.48,119.39,107.45,30.54,31.8,0
79115376,1,0.4,0.37,145.65,132.54,42.35,40.98,0
32329008,1,0.23,0.21,125.85,119.56,48.58,46.96,0
96545983,1,0.33,0.29,108.9,89.3,10.91,10.55,0
63312885,1,0.46,0.44,192.56,161.75,40.81,41.34,0
79961638,1,0.69,0.57,189.08,177.74,8.27,8.31,0
54389198,1,0.91,0.76,178.67,164.38,5.33,5.42,0
94685299,1,0.95,0.83,89.2,74.93,11.37,11.04,0
44997518,1,0.9,0.82,85.48,82.92,29.98,29.49,0
94511632,1,0.91,0.89,143.16,128.84,53.96,51.66,0
65496918,1,0.75,0.64,158.83,136.59,38.32,38.27,0
81989083,1,0.64,0.57,128.13,112.75,45.52,47.19,0
52225230,1,0.3,0.29,111.69,106.11,10.62,10.99,0
49769162,1,0.24,0.22,196.94,183.15,43.69,44.85,0
54546241,1,0.59,0.58,130.17,108.04,55.19,54.43,0
39241462,1,0.74,0.63,176.26,146.3,13.54,13.02,0
63114177,1,0.26,0.25,172.62,165.72,24.97,24.88,0
56017608,1,0.93,0.84,117.43,105.69,4.93,4.72,0
74502390,1,0.51,0.46,116.21,94.13,16.5,15.83,0
85616902,1,0.88,0.84,192.67,184.96,8.98,8.66,0
85818470,1,0.4,0.33,168.77,141.77,53.36,52.05,0
96696027,1,0.68,0.6,166.05,141.14,44.41,45.65,0
88256594,1,0.66,0.63,97.45,89.65,11.15,11.07,0
16792791,1,0.9,0.77,107.22,86.85,13.37,13.57,0
80958651,1,0.4,0.36,129.61,106.28,14.52,14.84,0
18640065,1,0.67,0.56,82.04,77.94,24.92,25.77,0
64164750,1,0.28,0.23,166.42,138.13,22.32,22.12,0
11931510,1,0.59,0.58,141.26,115.83,29.35,28.83,0
89444643,1,0.28,0.27,194.57,163.44,4.47,4.46,0
67704177,1,0.61,0.5,173.37,140.43,44.86,45.94,0
56161991,1,0.39,0.37,99.69,92.71,15.36,15.64,0
46100540,1,0.38,0.36,146.87,133.65,44.3,43.2,0
11658687,1,0.26,0.26,180.07,172.87,20.29,19.72,0
44072131,1,0.69,0.58,84.69,72.83,30.55,30.44,0
24645563,1,0.76,0.67,183.04,162.91,36.36,35.47,0
46819624,1,0.75,0.61,100.98,85.83,27.71,27.15,0
78116045,1,0.9,0.87,151.05,145.01,52.58,50.8,0
91476332,1,0.98,0.93,100.46,81.37,15.11,15.01,0
71822787,1,0.23,0.19,127.03,114.33,13.88,13.57,0
56077892,1,0.31,0.29,191.41,164.61,4.83,4.93,0
20708437,1,0.91,0.87,170.81,153.73,51.22,52.69,0
43725710,1,0.47,0.41,127.38,122.28,49.34,49.85,0
58210573,1,0.41,0.4,136.82,134.08,52.48,53.44,0
14755509,1,0.31,0.3,176.85,148.55,1.75,1.74,0
23128320,1,0.87,0.83,102.18,100.14,27.43,26.13,0
86552302,1,0.77,0.62,133.46,112.11,9.76,9.39,0
50248671,1,0.39,0.33,189.22,153.27,29.16,28.47,0
45527692,1,0.52,0.43,178.17,165.7,27.41,26.3,0
58582002,1,0.54,0.49,133.01,127.69,29.65,28.49,0
48203835,1,0.88,0.75,126.58,103.8,11.23,11.25,0
73226689,1,0.2,0.18,82.15,74.76,51.07,50.24,0
21131464,1,0.47,0.45,154.66,142.29,19.63,18.9,0
88726884,1,0.61,0.51,138.42,112.12,50.49,49.05,0
62760121,1,0.84,0.75,158.54,141.1,19.84,20.72,0
39414266,1,0.82,0.71,185.57,157.73,27.74,28.58,0
44980764,1,0.87,0.78,130.02,106.62,9.08,9.14,0
56662878,1,0.83,0.8,98.16,87.36,37.41,39.22,0
65895652,1,0.99,0.8,176.3,142.8,29.18,30.36,0
71315079,1,0.79,0.72,112.39,96.66,55.29,56.19,0
20638846,1,0.4,0.34,155.92,146.56,39.11,39.36,0
28366088,1,0.83,0.69,171.47,142.32,1.01,1.04,0
91622713,1,0.61,0.54,189.33,157.14,59.12,56.81,0
46898044,1,0.47,0.42,171.54,152.67,11.26,11.24,0
69271639,1,0.7,0.63,126.67,121.6,14.98,15.63,0
25063652,1,0.73,0.72,195.14,158.06,21.51,21.42,0
19462151,1,0.66,0.55,108.14,91.92,53.94,52.21,0
62956513,1,0.4,0.39,139.78,123.01,12.53,12.35,0
51652749,1,0.54,0.53,187.15,175.92,36.67,35.16,0
64566016,1,0.46,0.37,117.0,105.3,32.89,31.54,0
75562447,1,0.42,0.4,87.55,72.67,11.79,12.2,0
48979641,1,0.21,0.2,116.22,104.6,39.81,38.9,0
60691079,1,0.65,0.53,137.99,114.53,15.46,15.7,0
86237213,1,0.3,0.25,165.61,135.8,18.99,19.06,0
68321367,1,0.54,0.46,122.43,116.31,4.21,4.19,0
90677811,1,0.46,0.4,122.12,108.69,12.21,11.92,0
79467966,1,0.42,0.38,114.86,93.04,51.39,50.19,0
47701745,1,0.27,0.25,128.07,105.02,5.13,5.07,0
91175349,1,0.7,0.57,106.66,102.39,48.08,47.44,0
23625142,1,0.94,0.88,166.36,144.73,58.83,60.15,0
99986689,1,0.3,0.26,125.58,102.98,32.24,33.25,0
76377784,1,0.66,0.56,131.12,124.56,19.77,18.99,0
36758322,1,0.75,0.72,136.92,124.6,17.36,16.79,0
75790862,1,0.79,0.66,84.06,78.18,37.65,39.28,0
80555619,1,0.79,0.66,151.73,141.11,46.75,47.21,0
19130751,1,0.4,0.32,120.8,100.26,11.79,11.44,0
92668577,1,0.69,0.58,97.34,94.42,53.31,53.84,0
54609489,1,0.67,0.58,135.92,119.61,37.09,37.46,0
71622073,1,0.5,0.47,187.83,154.02,30.69,31.83,0
91474811,1,0.38,0.31,122.65,121.42,47.39,49.36,0
46677067,1,0.97,0.78,145.1,134.94,16.67,17.22,0
84656116,1,0.6,0.51,148.27,137.89,49.55,49.76,0
70213017,1,0.34,0.28,160.2,140.98,30.19,30.64,0
25895644,1,0.82,0.75,153.44,133.49,23.69,24.39,0
41540187,1,0.73,0.66,186.65,162.39,58.12,59.91,0
85052179,1,0.91,0.88,111.94,108.58,28.36,28.3,0
64841821,1,0.44,0.41,81.81,71.99,32.81,31.47,0
51649032,1,0.39,0.33,182.28,151.29,46.4,45.18,0
69377837,1,0.77,0.66,148.57,136.68,24.84,25.49,0
33841837,1,0.24,0.21,89.43,79.59,20.97,19.97,0
43990107,1,0.87,0.7,143.05,141.62,58.64,58.01,0
55390695,1,1.0,0.9,118.34,106.51,8.69,8.6,0
43310979,1,0.98,0.91,193.86,178.35,37.66,36.24,0
60319075,1,0.8,0.64,196.49,192.56,28.76,29.26,0
11676847,1,0.91,0.81,148.87,129.52,36.61,35.93,0
23209776,1,0.3,0.26,194.86,187.07,17.27,17.13,0
59069565,1,0.97,0.8,127.27,108.18,43.7,45.28,0
29402374,1,0.46,0.43,124.09,102.99,33.92,34.2,0
68005792,1,0.49,0.46,186.96,166.39,43.75,44.34,0
77621776,1,0.57,0.48,178.71,157.26,17.04,16.72,0
89932924,1,0.55,0.52,112.7,100.3,47.08,46.92,0
34266628,1,0.26,0.24,193.36,174.02,54.86,52.13,0
48222622,1,0.97,0.81,142.62,126.93,33.55,32.59,0
65447851,1,0.88,0.84,94.88,81.6,33.73,33.59,0
41456530,1,0.68,0.65,115.44,109.67,25.12,24.18,0
51786105,1,0.49,0.41,82.46,66.79,53.02,50.47,0
35354687,1,0.85,0.69,108.38,105.13,15.56,15.98,0
77900661,1,0.97,0.82,145.67,129.65,43.44,42.26,0
83076185,1,0.45,0.42,107.24,97.59,45.88,44.75,0
57310297,1,0.78,0.67,197.27,191.35,41.29,41.7,0
88624016,1,0.34,0.31,130.72,117.65,47.18,45.7,0
14981435,1,0.82,0.66,116.19,110.38,14.08,13.61,0
79739155,1,0.91,0.8,94.69,91.85,8.59,8.91,0
64880742,1,0.32,0.29,138.46,135.69,55.39,57.35,0
23030064,1,0.63,0.52,198.52,188.59,1.03,1.03,0
67081198,1,0.85,0.77,192.35,184.66,30.12,30.08,0
62535474,1,0.76,0.64,87.15,81.05,45.37,44.73,0
80705980,1,0.33,0.26,95.81,94.85,42.79,43.05,0
42896485,1,0.33,0.32,150.0,139.5,44.45,44.06,0
33045906,1,0.26,0.24,129.09,111.02,33.57,34.41,0
61387230,1,0.5,0.45,84.18,68.19,47.24,45.2,0
79207277,1,0.53,0.49,137.02,123.32,9.78,10.25,0
25023970,1,0.57,0.5,126.0,117.18,10.57,10.18,0
67686664,1,0.23,0.22,185.3,161.21,47.94,47.08,0
73281412,1,0.83,0.68,150.06,144.06,13.18,12.75,0
42106057,1,0.74,0.67,106.24,84.99,43.47,42.28,0
86217434,1,0.89,0.77,183.9,150.8,46.14,44.96,0
11761776,1,0.75,0.7,96.24,94.32,34.75,34.58,0
31310120,1,0.76,0.65,95.47,79.24,58.13,56.23,0
96770939,1,0.26,0.25,159.18,136.89,10.31,10.54,0
23477747,1,0.65,0.61,184.76,168.13,8.8,8.6,0
53571748,1,0.78,0.76,153.19,145.53,48.63,50.16,0
19557934,1,0.57,0.48,153.37,139.57,21.34,21.53,0
59797168,1,0.26,0.23,130.36,127.75,54.06,53.26,0
26210257,1,0.99,0.89,185.82,163.52,35.34,34.71,0
27244600,1,0.78,0.73,95.02,92.17,57.43,55.16,0
84772377,1,0.44,0.36,186.01,163.69,16.91,17.03,0
66259043,1,0.59,0.55,159.78,134.22,28.5,27.72,0
84217974,1,0.88,0.73,87.86,85.22,44.35,43.95,0
99978995,1,0.32,0.28,175.71,145.84,30.83,29.88,0
59470562,1,0.98,0.83,94.54,83.2,13.27,13.26,0
20708689,1,0.68,0.65,136.66,114.79,45.0,43.02,0
54768811,1,0.98,0.96,136.21,113.05,32.61,32.06,0
21148107,1,0.42,0.39,186.06,152.57,22.48,22.47,0
64757442,1,0.51,0.47,96.81,82.29,20.49,19.52,0
36647411,1,0.67,0.65,122.55,117.65,9.96,10.33,0
72799000,1,0.69,0.69,98.59,89.72,9.35,9.19,0
15557951,1,0.46,0.46,186.69,158.69,15.2,14.92,0
42633898,1,0.81,0.81,147.99,140.59,44.9,45.47,0
22713277,1,0.58,0.58,89.16,74.89,14.91,14.67,0
25958356,1,0.31,0.31,188.21,178.8,6.94,6.65,0
64082011,1,0.82,0.82,171.02,140.24,1.12,1.09,0
76507319,1,0.24,0.24,130.81,111.19,20.67,20.72,0
37557596,1,0.96,0.96,83.24,75.75,35.96,36.03,0
21478099,1,0.5,0.5,98.32,86.52,21.49,22.13,0
98767370,1,0.2,0.2,104.89,90.21,48.88,47.24,0
54657193,1,0.72,0.72,156.69,145.72,9.11,9.41,0
82801717,1,0.7,0.7,155.63,146.29,12.66,12.15,0
54775306,1,0.36,0.36,134.28,131.59,31.38,31.76,0
66850549,1,0.5,0.5,128.46,105.34,11.34,11.05,0
71170103,1,0.73,0.73,138.82,133.27,15.2,15.14,0
84566935,1,0.88,0.88,173.87,142.57,28.48,29.83,0
74383855,1,0.95,0.95,126.01,113.41,38.42,37.64,0
35640715,1,0.31,0.31,132.82,126.18,26.21,26.21,0
34836877,1,0.5,0.5,126.61,119.01,37.87,36.88,0
38947816,1,0.95,0.95,196.68,159.31,53.41,53.36,0
63170958,1,0.87,0.87,142.28,136.59,44.81,44.32,0
47303275,1,0.6,0.6,145.75,141.38,35.98,36.41,0
11966932,1,0.99,0.99,115.47,103.92,12.72,12.83,0
89391676,1,0.98,0.98,88.7,86.93,24.78,23.78,0
47489854,1,0.21,0.21,101.68,97.61,4.22,4.17,0
86385230,1,0.57,0.57,123.17,107.16,17.48,18.19,0
58094978,1,0.5,0.5,160.62,139.74,31.27,32.54,0
60338700,1,0.61,0.61,178.09,158.5,31.27,29.75,0
95532770,1,0.91,0.91,170.44,161.92,51.72,54.02,0
10987935,1,0.62,0.62,192.41,163.55,33.05,33.33,0
89196240,1,0.63,0.63,100.75,88.66,42.2,42.01,0
98585621,1,0.64,0.64,138.85,122.19,15.07,14.37,0
94837221,1,0.54,0.54,170.65,145.05,28.5,28.43,0
89535917,1,0.37,0.37,116.17,97.58,27.75,26.8,0
34932676,1,0.81,0.81,171.33,162.76,31.41,31.23,0
52784756,1,0.43,0.43,123.06,100.91,36.35,37.81,0
39269380,1,0.31,0.31,144.44,124.22,39.09,40.55,0
90108249,1,0.76,0.76,167.61,164.26,57.29,55.6,0
80114726,1,0.28,0.28,191.24,166.38,12.55,12.71,0
43501600,1,0.84,0.84,178.01,163.77,59.79,61.89,0
36704250,1,0.82,0.82,110.91,89.84,29.41,30.73,0
16248607,1,0.72,0.72,162.14,147.55,39.4,37.9,0
90742454,1,0.41,0.41,97.22,84.58,16.42,17.2,0
79061729,1,0.85,0.85,144.35,118.37,40.11,41.3,0
49864832,1,0.39,0.39,194.73,179.15,49.55,48.52,0
96005928,1,0.34,0.34,181.89,149.15,18.64,18.71,0
38142953,1,0.68,0.68,106.73,90.72,16.73,16.6,0
10078283,1,0.42,0.42,97.23,89.45,35.87,35.16,0
28894862,1,0.49,0.49,119.46,96.76,16.86,16.76,0
82891550,1,0.69,0.69,168.42,141.47,33.87,35.23,0
55808027,1,0.23,0.23,177.57,172.24,37.86,36.76,0
56618648,1,0.39,0.39,125.65,121.88,42.57,42.95,0
34640097,1,0.94,0.94,181.18,150.38,48.38,47.63,0
68602592,1,0.57,0.57,120.27,98.62,33.11,31.85,0
89283021,1,0.83,0.83,190.27,156.02,1.48,1.55,0
73096468,1,0.88,0.88,128.95,114.77,1.38,1.34,0
56223788,1,0.26,0.26,198.53,188.6,7.61,7.92,0
19460462,1,0.42,0.42,189.74,155.59,42.14,42.56,0
12840351,1,0.69,0.69,189.34,170.41,18.92,18.47,0
23307429,1,0.79,0.79,121.24,101.84,26.41,25.57,0
16414951,1,0.5,0.5,82.14,67.35,42.39,40.95,0
92001187,1,0.75,0.75,168.65,158.53,16.77,16.44,0
40471768,1,0.94,0.94,87.57,80.56,22.91,21.77,0
15844610,1,0.71,0.71,130.84,116.45,23.9,22.72,0
65686283,1,0.46,0.46,96.25,85.66,47.5,49.1,0
28860815,1,0.63,0.63,119.79,106.61,3.66,3.69,0
63188263,1,0.88,0.88,180.15,149.52,58.38,57.56,0
14124112,1,0.56,0.56,175.75,158.18,10.86,10.72,0
58272667,1,0.27,0.27,142.62,134.06,23.56,23.27,0
37155713,1,0.34,0.34,160.39,152.37,14.02,13.63,0
45294044,1,0.55,0.55,153.22,147.09,10.37,10.82,0
23384205,1,0.84,0.84,84.67,71.97,25.23,25.88,0
31571527,1,0.36,0.36,111.59,108.24,35.06,36.47,0
55772188,1,0.35,0.35,86.37,77.73,40.62,39.74,0
67817726,1,0.61,0.61,153.28,125.69,34.18,34.92,0
14032916,1,0.64,0.64,148.67,139.75,43.54,44.6,0
89473791,1,0.95,0.95,163.33,148.63,42.21,42.01,0
38692151,1,0.22,0.22,167.7,149.25,48.04,48.61,0
90540402,1,0.45,0.45,144.8,131.77,51.68,50.3,0
39644446,1,0.39,0.39,110.72,98.54,10.43,10.85,0
56239283,1,0.46,0.46,157.13,136.7,37.72,37.4,0
10307158,1,0.29,0.29,173.89,154.76,52.46,53.7,0
96167379,1,0.23,0.23,113.32,107.65,5.68,5.78,0
36502417,1,0.77,0.77,123.09,105.86,11.5,11.96,0
60106538,1,0.75,0.75,190.42,165.67,54.17,51.87,0
23700786,1,0.33,0.33,120.4,108.36,39.75,38.64,0
23417189,1,0.95,0.95,108.3,101.8,7.62,7.4,0
65122309,1,0.48,0.48,117.8,104.84,35.27,34.19,0
11623524,1,0.95,0.95,154.54,126.72,16.11,15.49,0
26678807,1,0.89,0.89,82.13,69.81,45.06,45.42,0
92379025,1,0.5,0.5,118.7,111.58,52.76,52.56,0
43768016,1,0.31,0.31,125.95,122.17,15.01,14.58,0
93085335,1,0.46,0.46,90.39,72.31,28.84,27.5,0
23836372,1,0.41,0.41,160.6,146.15,31.52,30.56,0
38538317,1,0.29,0.29,145.48,138.21,30.02,30.75,0
27273108,1,0.24,0.24,158.15,151.82,34.68,35.7,0
12274969,1,0.36,0.36,181.98,156.5,35.93,35.42,0
81946079,1,0.62,0.62,159.83,139.05,38.48,39.55,0
60926375,1,0.35,0.35,138.18,116.07,12.22,11.63,0
27150084,1,0.97,0.97,115.4,98.09,45.5,44.72,0
29079205,1,0.62,0.62,120.0,104.4,25.27,26.03,0
35181843,1,0.52,0.52,93.48,83.2,24.9,24.77,0
16821549,1,0.25,0.25,179.07,168.33,48.64,48.15,0
56471711,1,0.28,0.28,96.69,83.15,3.34,3.29,0
23761554,1,0.91,0.91,194.81,183.12,11.04,11.17,0
57170900,1,0.83,0.83,112.27,111.15,43.1,42.17,0
81749047,1,0.83,0.83,80.44,78.83,17.08,16.92,0
97173431,1,0.73,0.73,127.43,117.24,39.79,41.04,0
98875118,1,0.72,0.72,182.86,157.26,22.0,22.58,0
20203925,1,0.8,0.8,102.83,100.77,49.24,48.71,0
37892480,1,0.37,0.37,128.84,127.55,13.88,14.57,0
41076757,1,0.69,0.69,117.02,115.85,43.44,43.57,0
31589119,1,0.72,0.72,196.88,169.32,50.07,51.94,0
82276589,1,0.4,0.4,99.83,89.85,28.09,27.38,0
94972672,1,0.35,0.35,96.31,83.79,9.87,9.69,0
66365200,1,0.33,0.33,183.02,166.55,59.61,59.56,0
21206621,1,0.48,0.48,187.19,166.6,3.28,3.14,0
61140388,1,0.44,0.44,135.09,125.63,51.97,54.3,0
78093907,1,0.93,0.93,123.13,104.66,8.51,8.35,0
93536425,1,0.69,0.69,149.49,137.53,12.58,11.98,0
79099114,1,0.6,0.6,132.72,127.41,36.49,36.97,0
25814726,1,0.4,0.4,81.61,76.71,56.42,58.04,0
90830044,1,0.43,0.43,96.19,85.61,55.5,54.71,0
50386243,1,0.99,0.99,106.94,86.62,6.24,6.19,0
31330355,1,0.64,0.64,134.04,132.7,32.96,32.88,0
20471869,1,0.67,0.67,94.81,85.33,54.98,52.72,0
42174959,1,0.52,0.52,178.55,144.63,41.92,41.85,0
20010424,1,0.67,0.67,153.43,148.83,41.06,41.06,0
69600214,1,0.78,0.78,140.0,133.0,49.51,48.89,0
31575603,1,0.77,0.77,176.48,167.66,39.76,40.52,0
56077174,1,0.6,0.6,165.88,160.9,56.25,53.89,0
42297180,1,0.3,0.3,89.68,75.33,4.08,3.9,0
88356117,1,0.6,0.6,129.05,122.6,50.55,49.07,0
45015694,1,0.37,0.37,85.19,77.52,53.22,54.07,0
36086880,1,0.89,0.89,141.53,125.96,18.14,18.73,0
68012270,1,0.98,0.98,101.95,84.62,27.14,28.49,0
34193541,1,0.37,0.37,131.9,129.26,57.2,57.4,0
49632138,1,0.88,0.88,166.3,141.36,31.31,31.92,0
89279753,1,0.67,0.67,164.45,139.78,55.0,54.68,0
21487764,1,0.78,0.78,136.17,118.47,25.45,26.44,0
20995475,1,0.79,0.79,83.06,71.43,41.73,43.25,0
27432670,1,0.2,0.2,92.27,82.12,5.5,5.75,0
98035332,1,0.46,0.46,134.7,110.45,25.97,27.06,0
41771741,1,0.38,0.38,181.14,170.27,55.43,53.83,0
21968791,1,0.21,0.21,145.96,140.12,6.91,6.65,0
33368486,1,0.72,0.72,162.82,136.77,3.05,2.95,0
90173025,1,0.4,0.4,177.8,160.02,46.98,45.54,0
93908014,1,0.74,0.74,101.6,90.42,12.25,11.72,0
88288054,1,0.51,0.51,157.76,138.83,26.51,26.14,0
42211086,1,0.55,0.55,84.19,77.45,30.68,31.93,0
84589825,1,0.84,0.84,157.39,125.91,58.4,59.76,0
28503361,1,0.49,0.49,182.45,147.78,34.96,34.42,0
38822153,1,0.84,0.84,156.19,140.57,53.49,52.84,0
28248829,1,0.36,0.36,190.9,160.36,17.26,16.72,0
81093124,1,0.42,0.42,147.08,138.26,44.35,45.93,0
15560613,1,0.73,0.73,170.33,156.7,4.26,4.15,0
56118174,1,0.55,0.55,146.51,123.07,1.48,1.55,0
15797779,1,0.67,0.67,195.34,173.85,15.34,14.99,0
97244976,1,0.75,0.75,85.63,74.5,17.37,18.17,0
13012837,1,0.49,0.49,145.5,144.04,27.33,28.01,0
98782092,1,0.34,0.34,198.96,159.17,31.17,31.63,0
41470290,1,0.54,0.54,161.23,137.05,22.92,22.32,0
90973462,1,0.49,0.49,191.16,179.69,35.63,34.41,0
80107598,1,0.64,0.64,99.33,81.45,50.24,49.56,0
54816104,1,0.44,0.44,97.46,93.56,41.09,40.48,0
48781696,1,0.66,0.66,130.07,114.46,52.16,51.09,0
45591083,1,0.48,0.48,184.52,162.38,11.12,11.13,0
41243626,1,0.96,0.96,178.76,150.16,27.67,27.38,0
70756477,1,0.31,0.31,173.78,154.66,54.61,52.17,0
92655496,1,0.43,0.43,99.3,82.42,40.12,38.82,0
69778814,1,0.65,0.65,163.48,152.04,14.67,14.66,0
58083706,1,0.74,0.74,179.67,154.52,2.02,1.95,0
35530517,1,0.5,0.5,80.71,73.45,17.37,17.24,0
67686756,1,0.43,0.43,173.54,168.33,27.43,28.72,0
19822719,1,0.83,0.83,190.95,179.49,14.82,14.39,0
21198041,1,0.96,0.96,193.36,162.42,6.48,6.26,0
98132660,1,0.6,0.6,159.94,127.95,10.45,10.2,0
94829632,1,0.62,0.62,183.26,174.1,35.34,35.57,0
37165227,1,0.53,0.53,179.78,158.21,41.35,42.42,0
24208786,1,0.66,0.66,148.74,142.79,49.86,48.08,0
34475265,1,0.34,0.34,152.19,147.62,6.71,6.85,0
41983989,1,0.33,0.33,162.09,158.85,13.19,13.6,0
93702582,1,0.85,0.85,91.05,90.14,53.55,55.95,0
11857008,1,0.89,0.89,166.5,141.53,22.53,22.14,0
73462394,1,0.27,0.27,121.17,113.9,27.18,27.36,0
58603755,1,0.92,0.92,175.33,157.8,11.74,11.45,0
20587995,1,0.99,0.99,174.26,163.8,47.69,49.98,0
97252986,1,0.28,0.28,160.46,131.58,48.54,49.56,0
81103063,1,0.26,0.26,147.43,128.26,45.69,43.96,0
98441695,1,0.36,0.36,94.37,77.38,54.79,52.82,0
33130105,1,0.89,0.89,148.05,133.25,39.7,37.98,0
68658398,1,0.4,0.4,139.35,126.81,48.22,47.05,0
81659751,1,0.72,0.72,161.75,147.19,36.78,37.62,0
76802005,1,0.66,0.66,88.25,75.01,22.45,21.55,0
14484983,1,0.21,0.21,86.78,72.03,1.44,1.51,0
44738632,1,0.78,0.78,179.02,164.7,7.32,7.5,0
22744684,1,0.48,0.48,88.59,85.05,3.62,3.58,0
57249555,1,0.87,0.87,185.44,163.19,2.54,2.53,0
74747974,1,0.89,0.89,164.58,146.48,21.2,21.8,0
23028905,1,0.53,0.53,80.76,71.88,50.97,51.21,0
76111773,1,0.74,0.74,133.23,117.24,26.64,26.61,0
73179262,1,0.29,0.29,117.6,94.08,16.62,16.52,0
73187185,1,0.42,0.42,130.1,123.59,40.56,39.56,0
86538581,1,0.62,0.62,91.93,89.17,23.2,23.63,0
89697228,1,0.27,0.27,127.35,113.34,32.71,31.23,0
97329915,1,0.97,0.97,123.7,111.33,13.63,13.6,0
41702152,1,0.27,0.27,186.36,177.04,57.54,55.95,0
18031927,1,0.88,0.88,161.52,137.29,16.98,17.57,0
11344912,1,0.82,0.82,152.55,149.5,28.02,27.71,0
42625141,1,0.95,0.95,181.39,156.0,21.25,20.51,0
90590783,1,0.56,0.56,172.97,166.05,47.45,47.78,0
16526616,1,0.9,0.9,127.79,111.18,38.42,39.48,0
35834989,1,0.29,0.29,133.42,121.41,49.44,47.79,0
29907675,1,0.83,0.83,121.59,102.14,51.13,51.84,0
16428078,1,0.78,0.78,126.14,113.53,10.37,10.21,0
53771623,1,0.65,0.65,127.36,124.81,5.45,5.57,0
76509909,1,0.79,0.79,136.46,128.27,28.47,29.77,0
20061446,1,0.31,0.31,142.76,131.34,7.82,7.74,0
92072494,1,0.86,0.86,112.21,98.74,26.81,26.39,0
21178859,1,0.31,0.31,182.91,151.82,28.84,28.41,0
50977996,1,0.87,0.87,103.14,87.67,4.77,4.9,0
36650565,1,0.64,0.64,161.77,150.45,21.7,22.33,0
61570574,1,0.35,0.35,183.18,166.69,24.27,23.71,0
83799242,1,0.41,0.41,145.38,135.2,36.28,37.89,0
87771086,1,0.45,0.45,96.85,82.32,13.95,14.13,0
50714169,1,0.25,0.25,182.91,153.64,35.57,34.38,0
41163677,1,0.35,0.35,173.6,166.66,50.92,52.11,0
55404892,1,0.21,0.21,152.28,137.05,7.32,7.65,0
23756817,1,0.84,0.84,167.0,140.28,21.81,22.46,0
54479891,1,0.99,0.99,107.81,91.64,40.79,41.42,0
99152192,1,0.38,0.38,108.93,91.5,43.95,42.81,0
18768781,1,0.21,0.21,156.92,130.24,3.37,3.4,0
54065262,1,0.57,0.57,170.28,144.74,59.41,62.24,0
40880295,1,0.74,0.74,135.91,127.76,4.31,4.47,0
27040686,1,0.78,0.78,94.97,76.93,10.63,10.83,0
30975736,1,0.81,0.81,160.52,157.31,9.39,9.81,0
59381196,1,0.58,0.58,97.23,80.7,55.87,57.16,0
54319154,1,0.94,0.94,155.78,149.55,28.17,28.42,0
44339398,1,0.89,0.89,181.54,147.05,57.09,56.07,0
86378736,1,0.6,0.6,159.71,130.96,3.82,3.86,0
80014139,1,0.61,0.61,116.81,102.79,15.31,15.91,0
12404509,1,0.29,0.29,108.6,91.22,14.94,15.23,0
47325169,1,1.0,1.0,144.91,121.72,20.77,19.85,0
25122549,1,0.56,0.56,130.75,121.6,3.6,3.55,0
92780391,1,0.36,0.36,177.32,145.4,28.33,27.43,0
49594016,1,0.55,0.55,142.76,125.63,2.6,2.72,0
86472034,1,0.98,0.98,107.56,104.33,52.71,50.92,0
78875966,1,0.45,0.45,137.05,109.64,27.12,25.8,0
28539533,1,0.9,0.9,94.79,82.47,13.19,12.91,0
65929391,1,0.68,0.68,161.59,138.97,23.71,22.95,0
65646829,1,0.38,0.38,93.64,89.89,44.04,44.47,0
32437635,1,0.58,0.58,138.7,130.38,4.58,4.67,0
85934157,1,0.68,0.68,121.42,117.78,31.13,30.02,0
57352979,1,0.73,0.73,195.87,188.04,49.18,47.37,0
19236983,1,0.47,0.47,83.43,76.76,7.92,7.6,0
59025134,1,0.23,0.23,128.41,110.43,30.19,30.55,0
33687761,1,0.76,0.76,101.47,95.38,33.31,34.56,0
92338015,1,0.74,0.74,142.66,118.41,2.25,2.3,0
86826342,1,0.65,0.65,115.38,110.76,32.55,31.63,0
23115343,1,0.21,0.21,112.11,106.5,6.93,6.59,0
75287449,1,0.5,0.5,186.11,150.75,26.27,25.04,0
31587041,1,0.44,0.44,161.87,148.92,55.49,56.83,0
60730575,1,0.2,0.2,101.86,84.54,51.15,48.68,0
20433223,1,0.69,0.69,83.75,67.0,29.59,29.91,0
72523621,1,0.96,0.96,168.34,154.87,38.97,40.47,0
95096687,1,0.96,0.96,185.71,172.71,33.91,34.44,0
55418379,1,0.3,0.3,183.89,171.02,10.94,10.78,0
14306965,1,0.92,0.92,130.44,114.79,24.71,24.32,0
49729370,1,0.58,0.58,171.06,155.66,13.4,13.22,0
51738682,1,0.79,0.79,174.32,141.2,52.87,54.62,0
32424577,1,0.4,0.4,83.32,79.99,26.84,25.91,0
87305413,1,0.59,0.59,163.65,155.47,43.31,43.68,0
97192542,1,0.54,0.54,89.18,81.15,2.91,2.86,0
84563888,1,0.57,0.57,154.33,149.7,45.52,43.61,0
83509907,1,0.57,0.57,161.54,153.46,36.62,36.17,0
71335846,1,0.42,0.42,101.85,87.59,40.59,41.84,0
75910981,1,0.62,0.62,124.87,102.39,28.64,27.61,0
21772085,1,0.95,0.95,178.95,150.32,41.96,40.37,0
60522401,1,0.29,0.29,102.12,92.93,15.26,15.33,0
89758265,1,0.59,0.59,116.33,111.68,15.85,15.22,0
51151362,1,0.92,0.92,154.66,131.46,22.81,22.3,0
36920556,1,0.35,0.35,119.72,111.34,27.35,28.71,0
63425507,1,0.94,0.94,141.98,130.62,28.91,29.13,0
70528948,1,0.82,0.82,91.2,83.9,4.51,4.72,0
14196235,1,0.82,0.82,178.15,165.68,29.56,28.09,0
20923781,1,0.93,0.93,167.06,148.68,41.05,41.6,0
69567399,1,0.59,0.59,191.68,174.43,42.26,42.17,0
16371175,1,0.24,0.24,113.14,95.04,34.44,35.2,0
93772349,1,0.96,0.96,112.45,109.08,34.41,33.1,0
83038587,1,0.68,0.68,176.42,158.78,36.65,37.12,0
95416032,1,0.82,0.82,96.36,78.05,50.3,50.87,0
95391892,1,0.86,0.86,133.85,127.16,11.76,11.62,0
45409031,1,0.74,0.74,147.54,135.74,57.22,56.78,0
42603439,1,0.83,0.83,157.63,135.56,1.2,1.18,0
93017016,1,0.61,0.61,100.31,85.26,11.76,11.56,0
97235364,1,0.96,0.96,188.25,156.25,41.48,41.87,0
37304466,1,0.51,0.51,149.23,134.31,2.15,2.14,0
46133913,1,0.78,0.78,141.93,122.06,36.77,36.19,0
15109653,1,0.8,0.8,93.47,88.8,51.54,51.61,0
26246383,1,0.51,0.51,126.78,112.83,42.62,42.86,0
18495442,1,0.27,0.27,117.88,107.27,49.5,48.76,0
55852961,1,0.75,0.75,174.24,146.36,4.31,4.39,0
81971718,1,0.89,0.89,148.32,140.9,40.49,42.49,0
85410087,1,0.9,0.9,165.46,158.84,4.68,4.58,0
30904706,1,0.73,0.73,196.5,176.85,53.26,52.98,0
39089044,1,0.26,0.26,120.33,116.72,2.62,2.58,0
54278994,1,0.75,0.75,137.63,110.1,36.79,37.01,0
40626272,1,0.48,0.48,193.4,185.66,55.97,58.01,0
19810404,1,0.27,0.27,157.43,146.41,55.75,55.27,0
47051617,1,0.33,0.33,185.48,155.8,20.74,20.14,0
80638326,1,0.42,0.42,124.61,115.89,26.16,26.5,0
48063452,1,0.36,0.36,110.15,93.63,34.28,33.64,0
94723125,1,0.97,0.97,116.41,98.95,34.63,34.13,0
87881825,1,0.3,0.3,131.1,120.61,44.11,45.1,0
12625238,1,0.96,0.96,136.59,122.93,17.28,16.61,0
21766590,1,0.66,0.66,163.53,156.99,49.52,47.81,0
99773737,1,0.68,0.68,127.95,107.48,20.71,19.89,0
53337379,1,0.75,0.75,104.98,94.48,25.57,24.96,0
26308138,1,0.8,0.8,146.29,131.66,40.15,38.83,0
19503099,1,0.43,0.43,122.79,120.33,37.73,39.48,0
82400755,1,0.28,0.28,83.13,76.48,43.73,45.74,0
26345954,1,0.42,0.42,120.51,100.02,4.4,4.46,0
37752230,1,0.52,0.52,189.82,161.35,28.84,30.25,0
58182901,1,0.26,0.26,159.94,129.55,16.41,17.0,0
16510721,1,0.66,0.66,104.35,103.31,25.95,26.47,0
54625038,1,0.95,0.95,140.6,126.54,37.04,37.07,0
13533943,1,0.24,0.24,151.76,133.55,48.42,47.13,0
30413251,1,0.62,0.62,116.45,108.3,27.96,27.31,0
45945706,1,0.66,0.66,97.85,86.11,29.35,30.18,0
15612561,1,0.4,0.4,119.17,97.72,41.61,43.3,0
86653053,1,0.31,0.31,118.54,107.87,50.66,51.9,0
75509983,1,0.58,0.58,98.74,88.87,7.22,6.92,0
75425029,1,0.71,0.71,87.92,70.34,5.44,5.61,0
58392334,1,1.0,1.0,166.45,154.8,40.26,39.32,0
92202509,1,0.59,0.59,100.19,98.19,2.67,2.72,0
59315876,1,0.91,0.91,189.66,159.31,3.15,3.26,0
48529144,1,0.43,0.43,133.36,120.02,4.23,4.26,0
40165946,1,0.77,0.77,130.1,123.59,39.3,39.66,0
26071095,1,0.36,0.36,94.74,89.06,44.07,44.52,0
22274108,1,0.57,0.57,188.93,166.26,10.7,10.65,0
93554890,1,0.47,0.47,168.64,151.78,41.38,40.15,0
40946744,1,0.59,0.59,104.58,98.31,8.11,8.51,0
21553720,1,1.0,1.0,107.48,103.18,45.67,47.93,0
71314459,1,0.74,0.74,196.51,161.14,53.79,53.52,0
99864500,1,0.78,0.78,158.47,147.38,16.37,15.82,0
43776143,1,0.47,0.47,144.53,118.51,9.29,9.58,0
62665251,1,0.87,0.87,157.72,135.64,20.75,19.84,0
56166621,1,0.48,0.48,165.3,135.55,33.74,32.87,0
19873534,1,0.65,0.65,193.33,179.8,48.43,49.56,0
75382931,1,0.64,0.64,172.15,161.82,17.37,17.64,0
66534822,1,0.3,0.3,188.71,154.74,35.47,34.61,0
76678909,1,0.64,0.64,132.77,115.51,24.94,25.88,0
89960408,1,0.96,0.96,80.47,70.81,26.43,27.48,0
39194266,1,0.49,0.49,82.23,67.43,56.84,54.28,0
85868497,1,0.48,0.48,121.66,114.36,2.13,2.13,0
42639113,1,0.97,0.97,112.16,96.46,27.57,27.61,0
40921396,1,0.43,0.43,146.34,140.49,46.19,44.77,0
91697355,1,0.46,0.46,131.66,106.64,1.89,1.91,0
91099381,1,0.7,0.7,168.95,165.57,42.95,44.72,0
87754205,1,0.55,0.55,148.24,139.35,57.58,58.63,0
41325299,1,0.98,0.98,112.72,103.7,38.71,39.76,0
54290112,1,0.25,0.25,112.83,99.29,32.96,32.62,0
81200884,1,0.57,0.57,100.61,94.57,39.88,39.03,0
87499625,1,0.5,0.5,100.06,95.06,24.55,23.91,0
66893927,1,0.74,0.74,171.5,152.63,50.62,48.34,0
22371303,1,0.48,0.48,168.33,156.55,16.91,17.02,0
33007615,1,0.43,0.43,179.64,174.25,6.81,6.83,0
42459576,1,0.62,0.62,114.05,104.93,5.19,5.37,0
92422868,1,0.72,0.72,118.5,109.02,26.24,25.83,0
72093363,1,0.23,0.23,190.44,158.07,23.41,22.31,0
16527221,1,0.23,0.23,138.27,132.74,20.91,21.92,0
52477359,1,0.69,0.69,157.16,125.73,38.77,39.79,0
30170515,1,0.3,0.3,151.53,121.22,42.02,42.84,0
45375742,1,0.81,0.81,165.03,140.28,45.48,46.81,0
18815066,1,0.77,0.77,88.16,85.52,14.32,14.52,0
48340368,1,0.75,0.75,87.95,83.55,13.21,12.91,0
28860963,1,0.41,0.41,160.33,157.12,55.25,57.65,0
20792398,1,0.32,0.32,111.26,92.35,13.84,13.8,0
93750250,1,0.6,0.6,81.74,72.75,57.09,58.89,0
22474857,1,0.95,0.95,156.7,145.73,26.5,25.42,0
19807835,1,0.61,0.61,88.13,72.27,30.46,29.41,0
83645322,1,0.43,0.43,111.38,100.24,30.38,31.55,0
16480727,1,0.51,0.51,160.36,144.32,33.0,33.55,0
42054651,1,0.3,0.3,105.79,102.62,36.48,34.89,0
92628267,1,0.87,0.87,118.69,105.63,1.1,1.15,0
78548067,1,0.66,0.66,102.5,82.0,29.13,29.92,0
82615170,1,0.85,0.85,108.03,87.5,23.35,22.61,0
28774093,1,0.24,0.24,118.01,113.29,45.86,44.2,0
19100589,1,0.31,0.31,186.9,158.87,31.37,32.89,0
88473770,1,0.88,0.88,181.33,177.7,52.07,52.08,0
60863180,1,0.59,0.59,141.38,134.31,13.05,13.4,0
59261321,1,0.2,0.2,147.29,122.25,53.82,54.78,0
95510596,1,0.38,0.38,143.43,129.09,2.37,2.46,0
47859344,1,0.99,0.99,159.39,143.45,13.45,12.84,0
26273983,1,0.88,0.88,178.3,160.47,37.39,37.46,0
92066725,1,0.3,0.3,194.2,161.19,11.36,11.07,0
64822516,1,0.9,0.9,155.42,139.88,17.71,17.08,0
12107435,1,0.48,0.48,178.4,149.86,27.44,28.02,0
83857411,1,0.68,0.68,124.1,107.97,40.88,41.53,0
45541620,1,0.26,0.26,112.87,91.42,50.16,51.47,0
55458331,1,0.67,0.67,150.54,149.03,16.29,16.45,0
54078965,1,0.62,0.62,186.6,184.73,19.2,19.65,0
62676364,1,0.82,0.82,138.06,114.59,49.35,47.89,0
43726687,1,0.38,0.38,159.04,130.41,44.3,42.33,0
67287184,1,0.31,0.31,129.59,103.67,45.22,45.59,0
81886949,1,0.78,0.78,81.83,66.28,14.34,14.63,0
18207289,1,0.22,0.22,110.37,94.92,22.26,22.07,0
56811884,1,0.77,0.77,128.84,108.23,58.07,57.77,0
82107624,1,0.5,0.5,108.05,92.92,14.57,15.16,0
25555794,1,0.2,0.2,121.68,111.95,40.09,39.03,0
81933487,1,0.7,0.7,139.71,113.17,1.63,1.61,0
62012953,1,0.45,0.45,130.97,107.4,19.45,19.57,0
56769372,1,0.73,0.73,147.4,125.29,9.57,9.54,0
32859827,1,0.58,0.58,170.22,165.11,41.76,39.78,0
10741545,1,0.96,0.96,90.43,74.15,20.36,21.36,0
73466778,1,0.27,0.27,181.91,172.81,38.02,39.58,0
84808136,1,0.88,0.88,182.45,151.43,9.12,9.54,0
13713793,1,0.98,0.98,91.35,89.52,37.84,38.0,0
79565928,1,0.41,0.41,198.9,188.95,57.54,57.88,0
87263434,1,0.72,0.72,120.24,105.81,53.46,51.89,0
35067746,1,0.41,0.41,80.37,67.51,35.67,36.93,0
92288856,1,0.67,0.67,91.71,88.96,6.32,6.6,0
74037583,1,0.31,0.31,139.88,125.89,48.35,48.14,0
12923961,1,0.86,0.86,177.29,166.65,28.78,29.67,0
63814496,1,0.75,0.75,168.62,163.56,10.42,10.81,0
21173473,1,0.69,0.69,163.39,151.95,14.38,14.79,0
67443958,1,0.52,0.52,134.85,120.02,44.63,43.08,0
58216157,1,0.69,0.69,123.12,113.27,35.27,35.88,0
18577470,1,0.56,0.56,94.87,91.08,14.89,14.47,0
55750944,1,0.89,0.89,82.0,79.54,51.68,49.17,0
27867479,1,0.92,0.92,178.97,143.18,54.25,51.76,0
58272935,1,0.22,0.22,171.26,149.0,12.49,12.48,0
83231412,1,0.32,0.32,153.67,122.94,5.96,5.94,0
43971885,1,0.87,0.87,136.74,109.39,46.21,44.12,0
39045924,1,0.57,0.57,167.44,160.74,45.94,44.11,0
99183648,1,0.78,0.78,102.36,90.08,38.83,39.77,0
80669359,1,0.49,0.49,110.45,103.82,21.27,21.93,0
37262998,1,0.8,0.8,158.78,144.49,23.62,23.77,0
14233120,1,0.9,0.9,86.34,74.25,35.79,36.23,0
44186966,1,0.8,0.8,114.43,100.7,33.54,32.89,0
17035034,1,0.8,0.8,173.25,150.73,20.17,20.68,0
21751122,1,0.37,0.37,148.19,120.03,34.17,35.08,0
45476780,1,0.3,0.3,176.29,165.71,10.06,9.68,0
53531648,1,0.29,0.29,118.49,112.57,37.31,37.92,0
25487641,1,0.26,0.26,107.45,85.96,36.68,37.08,0
98429914,1,0.79,0.79,140.06,126.05,33.27,33.63,0
16118551,1,0.55,0.55,164.54,144.8,12.16,11.75,0
61426767,1,0.52,0.52,163.89,149.14,46.47,44.62,0
56115862,1,0.2,0.2,185.59,174.45,45.59,45.66,0
80425837,1,0.93,0.93,96.82,79.39,46.79,48.96,0
57227182,1,0.4,0.4,80.82,73.55,30.12,30.78,0
79837382,1,0.94,0.94,111.47,90.29,20.15,20.67,0
50883437,1,0.57,0.57,123.83,115.16,29.4,29.61,0
38866591,1,0.7,0.7,120.85,105.14,45.0,45.99,0
22360822,1,0.25,0.25,165.37,152.14,45.0,43.82,0
87755403,1,0.37,0.37,95.82,83.36,3.97,4.07,0
33841420,1,0.34,0.34,134.05,128.69,13.01,13.25,0
22608848,1,0.25,0.25,188.82,179.38,15.17,14.73,0
67905828,1,0.3,0.3,114.97,91.98,58.29,60.11,0
40848796,1,0.79,0.79,174.61,167.63,30.31,31.28,0
58023974,1,0.89,0.89,108.36,97.52,26.38,26.42,0
77941667,1,0.57,0.57,89.46,73.36,29.62,29.94,0
12646766,1,0.21,0.21,137.85,114.42,12.17,12.09,0
56885168,1,0.76,0.76,190.65,163.96,2.8,2.9,0
76668044,1,0.78,0.78,87.9,80.87,41.9,41.38,0
69893613,1,0.85,0.85,192.36,184.67,43.77,45.76,0
22178782,1,0.49,0.49,190.28,184.57,27.17,27.77,0
93287786,1,0.63,0.63,129.36,107.37,44.12,43.5,0
15745316,1,0.54,0.54,116.85,95.82,24.44,24.76,0
96604661,1,0.45,0.45,102.28,84.89,43.15,43.14,0
75801676,1,0.42,0.42,97.65,89.84,2.0,2.01,0
22347865,1,0.46,0.46,151.41,128.7,32.57,32.71,0
89778953,1,0.57,0.57,130.61,121.47,53.0,54.9,0
46467436,1,0.81,0.81,148.84,128.0,21.5,22.48,0
43402877,1,0.42,0.42,98.5,96.53,46.63,47.05,0
21919713,1,0.45,0.45,179.27,173.89,52.08,52.59,0
30614880,1,0.53,0.53,91.99,84.63,11.22,11.75,0
11078548,1,0.27,0.27,191.89,174.62,29.39,29.43,0
76933513,1,0.35,0.35,170.45,163.63,38.05,36.97,0
35126580,1,0.97,0.97,111.6,93.74,32.2,32.17,0
60329489,1,0.81,0.81,87.28,79.42,9.35,9.55,0
93648272,1,0.82,0.82,161.68,145.51,5.81,5.9,0
80481417,1,0.93,0.93,118.99,105.9,10.4,10.38,0
87249052,1,0.26,0.26,173.75,165.06,20.37,20.63,0
24468340,1,0.89,0.89,139.23,129.48,4.93,5.11,0
77455312,1,0.73,0.73,139.14,118.27,36.71,37.89,0
10955120,1,0.24,0.24,188.12,180.6,44.18,45.69,0
95337319,1,0.75,0.75,195.04,173.59,48.01,50.06,0
47231440,1,0.36,0.36,159.77,150.18,33.75,33.61,0
94611519,1,0.5,0.5,152.28,121.82,58.42,58.48,0
63697097,1,0.85,0.85,135.04,132.34,50.26,50.45,0
19881495,1,0.47,0.47,127.8,109.91,11.17,10.92,0
42943732,1,0.24,0.24,115.43,103.89,52.74,54.65,0
27845255,1,0.53,0.53,136.76,110.78,25.45,25.69,0
44793539,1,0.55,0.55,95.46,81.14,31.61,31.47,0
19147054,1,0.45,0.45,153.77,139.93,52.96,53.66,0
64571604,1,0.95,0.95,97.67,93.76,22.58,23.4,0
29222128,1,0.54,0.54,165.69,160.72,4.94,4.76,0
18587949,1,0.52,0.52,184.95,166.45,16.25,15.99,0
10488293,1,0.44,0.44,146.1,140.26,37.82,38.8,0
76502991,1,0.83,0.83,157.57,130.78,31.7,31.42,0
78258432,1,0.67,0.67,111.79,90.55,31.65,31.64,0
31318777,1,0.93,0.93,129.13,117.51,1.61,1.65,0
98848277,1,0.76,0.76,168.23,151.41,57.35,55.57,0
57920261,1,0.55,0.55,101.24,94.15,57.69,55.3,0
52584753,1,0.61,0.61,189.14,185.36,25.6,26.74,0
32745794,1,0.27,0.27,153.75,127.61,54.19,52.73,0
47658787,1,0.2,0.2,118.81,105.74,36.12,36.41,0
96807878,1,0.53,0.53,107.41,98.82,24.2,23.86,0
15654107,1,0.24,0.24,173.18,171.45,24.69,25.81,0
79547485,1,0.64,0.64,86.8,84.2,22.75,23.06,0
93901635,1,0.92,0.92,132.73,112.82,45.8,47.18,0
59814957,1,0.87,0.87,176.17,147.98,42.39,42.42,0
95485396,1,0.7,0.7,91.55,77.82,14.32,13.63,0
59314329,1,0.37,0.37,103.72,99.57,22.0,22.6,0
42168420,1,0.84,0.84,87.91,77.36,31.33,30.37,0
67837498,1,0.41,0.41,168.94,153.74,12.54,11.94,0
65425805,1,0.84,0.84,109.47,106.19,32.74,31.44,0
67222019,1,0.83,0.83,90.05,85.55,43.82,43.86,0
73972108,1,0.69,0.69,159.59,156.4,52.17,50.34,0
39499613,1,0.96,0.96,139.63,127.06,52.76,52.86,0
69670274,1,0.4,0.4,133.1,113.13,32.27,33.23,0
11707721,1,0.42,0.42,132.6,125.97,50.36,49.88,0
53216114,1,0.33,0.33,140.39,136.18,11.74,11.39,0
70489834,1,0.87,0.87,159.34,154.56,3.4,3.34,0
91283580,1,0.77,0.77,108.32,94.24,59.58,58.73,0
80447867,1,0.9,0.9,130.42,121.29,45.23,46.14,0
94821839,1,0.85,0.85,145.8,142.88,42.67,43.82,0
38539097,1,0.25,0.25,183.17,163.02,41.18,40.35,0
37430734,1,0.79,0.79,92.95,87.37,37.5,37.31,0
23498570,1,0.91,0.91,167.86,141.0,37.8,37.62,0
44076638,1,0.74,0.74,127.88,103.58,20.4,20.06,0
66203105,1,0.24,0.24,193.18,170.0,7.93,8.06,0
23767170,1,0.31,0.31,179.73,158.16,14.43,14.79,0
92301077,1,0.49,0.49,187.8,159.63,27.26,28.53,0
47800147,1,0.9,0.9,127.78,108.61,20.79,21.8,0
80095767,1,0.73,0.73,99.49,96.51,8.6,8.43,0
48074429,1,0.26,0.26,136.64,110.68,17.23,16.62,0
56706937,1,0.36,0.36,196.96,187.11,31.2,31.1,0
40687092,1,0.95,0.95,129.52,110.09,54.36,52.58,0
71190435,1,0.29,0.29,104.21,83.37,46.11,45.87,0
98744931,1,0.63,0.63,139.65,115.91,27.68,27.24,0
59037847,1,0.87,0.87,98.48,86.66,55.86,54.46,0
95601840,1,0.36,0.36,99.64,82.7,3.86,3.81,0
11124738,1,0.48,0.48,96.81,86.16,38.06,36.2,0
76921810,1,0.21,0.21,93.58,76.74,46.43,46.9,0
25552809,1,0.66,0.66,148.78,126.46,24.74,25.41,0
23318431,1,0.87,0.87,192.28,169.21,6.65,6.33,0
45314721,1,0.33,0.33,83.1,75.62,1.7,1.73,0
89865728,1,0.77,0.77,190.95,162.31,46.16,44.87,0
44543073,1,0.45,0.45,134.23,111.41,57.6,58.59,0
11726510,1,0.88,0.88,157.78,153.05,3.49,3.45,0
46726596,1,0.58,0.58,118.96,99.93,50.83,48.81,0
62899486,1,0.9,0.9,106.03,98.61,26.22,25.79,0
77965954,1,0.65,0.65,152.39,124.96,20.06,20.78,0
58970874,1,0.96,0.96,82.04,79.58,57.16,55.15,0
67521344,1,0.71,0.71,154.08,144.84,43.33,42.64,0
13809914,1,0.69,0.69,196.88,187.04,19.69,20.58,0
66377484,1,0.79,0.79,155.48,130.6,55.0,52.59,0
79098243,1,0.6,0.6,115.38,103.84,49.54,49.15,0
73247309,1,0.29,0.29,151.74,138.08,21.62,21.04,0
70127139,1,0.55,0.55,198.42,184.53,56.34,58.05,0
31225270,1,0.27,0.27,103.88,92.45,40.6,40.35,0
81308052,1,0.99,0.99,100.86,84.72,55.44,55.82,0
70299386,1,0.77,0.77,137.36,123.62,27.27,27.42,0
95328161,1,1.0,1.0,92.7,82.5,56.65,56.91,0
46987914,1,0.8,0.8,136.35,113.17,1.99,2.05,0
80336493,1,0.92,0.92,134.66,125.23,10.96,11.15,0
72914926,1,0.79,0.79,99.75,96.76,3.3,3.16,0
10339232,1,0.56,0.56,86.98,84.37,27.72,27.24,0
99661666,1,0.49,0.49,81.37,78.12,31.32,31.34,0
12496141,1,0.71,0.71,107.61,91.47,38.63,40.54,0
59226384,1,0.74,0.74,152.7,125.21,24.76,23.75,0
69368586,1,0.85,0.85,182.94,162.82,21.37,21.61,0
88167793,1,0.57,0.57,120.46,113.23,30.06,30.6,0
48611090,1,0.84,0.84,83.81,67.89,18.05,18.73,0
79242146,1,0.39,0.39,122.05,118.39,19.22,18.29,0
12435978,1,0.29,0.29,179.55,159.8,22.99,22.11,0
33249945,1,0.29,0.29,136.09,114.32,38.52,37.69,0
99916344,1,0.47,0.47,92.79,81.66,8.8,8.61,0
66634845,1,0.49,0.49,106.52,85.22,33.71,33.39,0
40713513,1,0.59,0.59,118.11,105.12,13.47,13.4,0
19867308,1,0.89,0.89,155.67,133.88,43.64,43.19,0
35364907,1,0.68,0.68,183.9,161.83,3.25,3.16,0
30657310,1,0.83,0.83,115.15,110.54,12.93,13.13,0
70657280,1,0.42,0.42,111.77,98.36,11.72,12.12,0
80753686,1,0.51,0.51,180.63,173.4,14.47,14.21,0
50288559,1,0.76,0.76,161.65,134.17,27.84,27.09,0
85727427,1,0.94,0.94,97.96,82.29,42.8,41.66,0
40605489,1,0.92,0.92,143.86,117.97,42.92,43.73,0
17043456,1,0.42,0.42,194.79,161.68,9.19,9.05,0
96775682,1,0.45,0.45,140.75,119.64,8.43,8.33,0
99233504,1,0.65,0.65,154.69,136.13,35.75,34.95,0
86995523,1,0.56,0.56,94.53,88.86,12.86,12.49,0
61042870,1,0.43,0.43,120.87,114.83,3.4,3.39,0
28823715,1,0.35,0.35,145.35,122.09,29.8,29.16,0
45054489,1,0.96,0.96,194.89,171.5,16.03,16.56,0
28210955,1,0.38,0.38,129.22,115.01,52.73,52.38,0
47657145,1,0.57,0.57,128.36,103.97,50.73,51.38,0
89681594,1,0.57,0.57,155.26,131.97,57.96,56.28,0
91040365,1,0.47,0.47,105.16,94.64,35.79,35.51,0
62861160,1,0.9,0.9,171.12,165.99,46.57,45.83,0
31032744,1,0.45,0.45,147.25,134.0,38.9,37.72,0
84403589,1,0.49,0.49,196.3,188.45,25.59,25.56,0
16882804,1,0.43,0.43,140.29,137.48,48.12,47.28,0
82107536,1,0.88,0.88,128.21,119.24,46.29,48.23,0
64041735,1,0.55,0.55,81.93,77.83,12.21,12.53,0
21575281,1,0.29,0.29,139.56,117.23,3.37,3.46,0
55305895,1,0.97,0.97,106.0,103.88,3.49,3.52,0
88305289,1,0.79,0.79,93.58,78.61,10.66,11.16,0
27571721,1,0.63,0.63,93.24,82.05,31.09,31.11,0
12491535,1,0.31,0.31,133.89,116.48,33.3,33.12,0
52304320,1,0.91,0.91,96.74,89.97,8.1,8.19,0
70307955,1,0.78,0.78,161.69,132.59,33.49,32.35,0
13586734,1,0.37,0.37,151.59,122.79,11.24,11.69,0
29456358,1,0.44,0.44,160.56,147.72,33.55,33.15,0
78930958,1,0.62,0.62,84.77,78.84,20.9,21.47,0
73752547,1,0.7,0.7,182.42,164.18,15.67,15.16,0
48126093,1,0.93,0.93,178.71,167.99,58.74,58.88,0
48211579,1,0.94,0.94,132.97,114.35,12.19,12.19,0
47458866,1,0.66,0.66,171.18,150.64,55.93,54.52,0
53906777,1,0.32,0.32,197.89,170.19,46.81,46.76,0
25301786,1,0.64,0.64,105.58,103.47,39.7,40.36,0
24593412,1,0.92,0.92,81.53,71.75,5.08,5.05,0
22559249,1,0.59,0.59,162.02,153.92,57.43,59.58,0
58215002,1,0.63,0.63,108.04,90.75,52.07,50.79,0
57635621,1,0.66,0.66,105.63,85.56,3.42,3.39,0
80263022,1,0.63,0.63,181.9,154.62,34.5,35.37,0
21693445,1,0.4,0.4,191.36,187.53,34.64,33.48,0
30972221,1,0.87,0.87,176.27,172.74,40.87,41.65,0
31430645,1,0.37,0.37,165.93,144.36,26.33,25.82,0
16892276,1,0.4,0.4,183.23,152.08,58.58,60.51,0
67302432,1,0.94,0.94,86.4,71.71,37.74,39.17,0
51520336,1,0.44,0.44,104.24,91.73,20.72,21.22,0
94386134,1,0.73,0.73,185.53,176.25,2.41,2.42,0
70466832,1,0.92,0.92,150.51,123.42,5.31,5.56,0
44699355,1,0.31,0.31,91.51,89.68,21.64,20.7,0
13893132,1,0.4,0.4,83.91,80.55,57.32,54.84,0
56642413,1,0.75,0.75,136.5,122.85,47.84,46.72,0
74760463,1,0.49,0.49,154.12,151.04,6.41,6.27,0
90921737,1,0.65,0.65,120.61,106.14,44.5,45.44,0
94703810,1,0.83,0.83,177.65,163.44,33.93,33.91,0
53941252,1,0.44,0.44,160.24,139.41,30.86,29.45,0
38616714,1,0.58,0.58,90.49,86.87,42.53,42.22,0
27083923,1,0.96,0.96,194.6,157.63,43.71,42.1,0
70576715,1,0.27,0.27,137.04,126.08,55.96,54.06,0
17763363,1,0.74,0.74,85.53,77.83,45.87,43.8,0
47634927,1,0.53,0.53,113.47,91.91,54.07,52.38,0
95433988,1,0.96,0.96,195.78,162.5,51.35,52.95,0
72573889,1,0.8,0.8,158.15,147.08,36.54,35.17,0
95757331,1,0.47,0.47,139.37,126.83,33.08,31.62,0
29189693,1,0.83,0.83,135.41,128.64,9.99,10.04,0
24951735,1,0.76,0.76,171.59,144.14,40.97,42.6,0
43115849,1,0.46,0.46,161.0,144.9,33.71,33.39,0
75039086,1,0.6,0.6,140.89,123.98,40.66,42.45,0
54505982,1,0.57,0.57,149.03,135.62,48.8,46.77,0
99081887,1,0.72,0.72,195.38,179.75,37.84,37.34,0
89283997,1,0.35,0.35,142.75,124.19,53.43,53.82,0
86962207,1,0.75,0.75,102.7,90.38,35.39,34.08,0
66137611,1,0.75,0.67,85.56,85.56,8.63,8.47,0
34928279,1,0.56,0.47,102.88,102.88,52.0,51.47,0
12366735,1,0.43,0.35,130.86,130.86,25.7,26.29,0
96764182,1,0.71,0.68,131.11,131.11,22.74,22.47,0
24718336,1,0.89,0.8,186.8,186.8,59.83,58.33,0
78787280,1,0.79,0.7,114.56,114.56,6.11,6.31,0
96880536,1,0.22,0.2,166.4,166.4,51.76,51.09,0
97276843,1,0.31,0.28,122.0,122.0,9.78,9.93,0
39594400,1,0.35,0.3,148.25,148.25,11.07,11.39,0
76908227,1,0.69,0.67,192.35,192.35,4.36,4.55,0
88808374,1,0.63,0.53,112.77,112.77,36.2,36.25,0
77248137,1,0.76,0.72,107.14,107.14,22.09,22.59,0
45503079,1,0.68,0.57,135.15,135.15,21.52,22.05,0
32885279,1,0.9,0.79,105.17,105.17,11.52,11.75,0
20288445,1,0.21,0.2,97.02,97.02,38.19,38.0,0
81022675,1,0.67,0.57,121.99,121.99,49.39,51.36,0
28607191,1,0.21,0.18,138.64,138.64,15.83,16.05,0
15275107,1,0.64,0.61,96.67,96.67,54.08,52.09,0
26102408,1,0.91,0.88,178.84,178.84,50.16,51.06,0
86620445,1,0.58,0.47,82.08,82.08,50.03,51.46,0
83300229,1,1.0,0.9,114.86,114.86,37.12,38.44,0
28199446,1,0.61,0.53,145.48,145.48,31.64,31.23,0
90964878,1,0.83,0.78,147.59,147.59,48.89,48.95,0
17550970,1,0.61,0.57,137.44,137.44,46.32,48.12,0
45203487,1,0.2,0.19,163.24,163.24,16.24,16.15,0
10908005,1,0.77,0.66,150.55,150.55,41.44,40.58,0
42591643,1,0.6,0.55,103.03,103.03,38.32,39.54,0
72497732,1,0.68,0.55,124.01,124.01,36.47,35.6,0
11834125,1,0.26,0.24,169.52,169.52,29.15,29.19,0
79523209,1,0.98,0.86,188.94,188.94,34.5,33.59,0
31380364,1,0.65,0.56,188.09,188.09,25.29,25.25,0
86046032,1,0.47,0.42,97.94,97.94,31.4,32.04,0
63144975,1,0.82,0.8,196.5,196.5,45.77,44.09,0
24840994,1,0.26,0.22,143.87,143.87,3.36,3.24,0
25939693,1,0.73,0.64,84.02,84.02,28.58,29.52,0
32634907,1,0.97,0.87,161.11,161.11,31.55,32.98,0
55136991,1,0.72,0.67,179.08,179.08,13.24,13.8,0
87359367,1,0.61,0.51,198.92,198.92,58.29,56.78,0
74878919,1,0.82,0.7,117.32,117.32,8.7,8.89,0
41344527,1,0.83,0.76,168.75,168.75,52.99,51.91,0
96135623,1,0.58,0.51,129.67,129.67,10.83,11.07,0
86692994,1,0.25,0.22,187.95,187.95,37.43,35.89,0
95420270,1,0.47,0.39,149.28,149.28,32.31,32.79,0
96689764,1,0.46,0.39,137.4,137.4,19.74,19.64,0
88349960,1,0.82,0.67,109.77,109.77,50.3,50.84,0
26447216,1,0.96,0.86,182.57,182.57,10.54,10.93,0
95288664,1,0.23,0.21,144.69,144.69,24.0,23.13,0
93314025,1,0.52,0.44,165.24,165.24,34.24,33.92,0
61892814,1,0.74,0.73,174.46,174.46,37.76,36.94,0
70370636,1,0.5,0.42,152.65,152.65,2.0,2.09,0
26398903,1,0.46,0.45,83.27,83.27,9.99,10.29,0
17178037,1,0.71,0.62,196.12,196.12,27.89,26.54,0
71887440,1,0.58,0.52,137.64,137.64,6.21,5.9,0
37326588,1,0.5,0.48,112.43,112.43,13.68,13.76,0
57900566,1,0.46,0.4,193.09,193.09,6.82,6.8,0
18203728,1,0.97,0.82,96.26,96.26,46.7,47.99,0
73397596,1,0.38,0.31,172.24,172.24,20.86,20.45,0
67306601,1,0.52,0.51,196.69,196.69,15.66,15.93,0
19655799,1,0.75,0.65,183.76,183.76,37.9,37.36,0
29516286,1,0.21,0.17,114.47,114.47,30.2,31.34,0
40368086,1,0.25,0.24,157.41,157.41,25.42,24.41,0
32846879,1,0.52,0.51,120.98,120.98,37.22,36.1,0
22038455,1,0.33,0.29,172.59,172.59,31.69,30.15,0
46899839,1,0.21,0.2,195.34,195.34,11.52,12.06,0
28253176,1,0.93,0.76,99.3,99.3,2.57,2.68,0
42534433,1,0.99,0.89,108.54,108.54,28.3,28.18,0
54573582,1,0.88,0.76,140.68,140.68,5.7,5.94,0
88747814,1,0.36,0.32,151.49,151.49,34.08,34.64,0
72664062,1,0.94,0.78,84.16,84.16,42.41,43.62,0
29589217,1,0.88,0.77,159.66,159.66,19.13,19.91,0
73570389,1,0.27,0.26,127.6,127.6,56.72,54.51,0
46960978,1,0.86,0.71,184.66,184.66,27.98,28.5,0
14104336,1,0.39,0.37,110.28,110.28,39.68,39.1,0
42679708,1,0.2,0.18,130.92,130.92,6.51,6.83,0
24370616,1,0.24,0.19,112.42,112.42,43.49,41.87,0
75180510,1,0.6,0.51,137.14,137.14,32.51,31.78,0
37792479,1,0.39,0.37,111.61,111.61,9.61,9.88,0
50324246,1,0.57,0.55,190.39,190.39,41.58,42.43,0
21844724,1,0.83,0.8,130.27,130.27,33.05,33.21,0
37597489,1,0.81,0.79,145.16,145.16,44.08,46.12,0
18481044,1,0.39,0.32,170.76,170.76,36.73,34.97,0
97217113,1,0.7,0.59,149.6,149.6,53.18,51.46,0
93732924,1,0.62,0.54,158.42,158.42,30.72,29.84,0
19199986,1,0.58,0.53,138.94,138.94,48.23,46.4,0
25690451,1,0.94,0.87,124.4,124.4,58.1,55.78,0
11935394,1,0.26,0.25,144.13,144.13,25.35,24.13,0
85987580,1,0.79,0.65,188.69,188.69,53.58,56.01,0
56995798,1,0.39,0.32,189.98,189.98,4.48,4.49,0
52027621,1,0.35,0.34,91.76,91.76,8.03,8.04,0
11439724,1,0.89,0.86,125.65,125.65,56.09,55.61,0
24650405,1,0.9,0.78,198.72,198.72,52.43,52.36,0
75359950,1,0.97,0.79,145.83,145.83,32.22,32.54,0
12524873,1,0.27,0.22,177.86,177.86,52.26,50.17,0
26223425,1,0.4,0.35,156.83,156.83,32.73,31.32,0
58099619,1,0.65,0.55,109.42,109.42,6.5,6.39,0
83299239,1,0.92,0.75,136.05,136.05,38.48,39.35,0
80674818,1,0.72,0.64,106.8,106.8,35.66,34.14,0
30908475,1,0.49,0.44,109.81,109.81,21.45,21.87,0
80606423,1,0.25,0.22,183.58,183.58,47.88,46.33,0
93396840,1,0.67,0.6,169.39,169.39,22.38,23.06,0
57084855,1,0.49,0.43,109.71,109.71,14.78,14.69,0
48785095,1,0.49,0.45,85.73,85.73,32.21,30.72,0
61242413,1,0.58,0.5,186.31,186.31,44.77,43.71,0
35164215,1,0.44,0.36,135.74,135.74,33.21,33.39,0
15613788,1,0.36,0.31,91.91,91.91,1.44,1.43,0
72207330,1,0.75,0.73,129.5,129.5,27.91,26.97,0
93437745,1,0.81,0.67,116.73,116.73,17.72,17.08,0
52237467,1,0.63,0.62,198.08,198.08,30.78,32.08,0
41530405,1,0.79,0.76,107.23,107.23,36.58,36.25,0
18840954,1,0.96,0.85,89.86,89.86,10.56,10.4,0
47373835,1,0.6,0.56,85.89,85.89,1.13,1.14,0
81372207,1,0.89,0.72,163.94,163.94,42.04,40.54,0
48127802,1,0.44,0.37,106.25,106.25,26.99,27.26,0
60924672,1,0.89,0.81,147.08,147.08,46.11,47.57,0
78849150,1,0.23,0.19,133.43,133.43,57.94,55.76,0
66290712,1,0.85,0.82,122.83,122.83,32.04,31.89,0
91738956,1,0.57,0.48,166.37,166.37,9.06,8.61,0
18550883,1,0.39,0.36,172.63,172.63,44.64,43.6,0
98824682,1,0.41,0.39,164.36,164.36,41.55,43.27,0
71463723,1,0.6,0.52,178.14,178.14,21.11,21.9,0
19212384,1,0.88,0.7,148.63,148.63,1.75,1.74,0
75461844,1,0.31,0.3,94.34,94.34,50.93,51.79,0
81504763,1,0.71,0.58,121.06,121.06,44.77,46.45,0
85387207,1,0.24,0.23,100.64,100.64,23.51,24.55,0
49355089,1,0.74,0.73,110.04,110.04,47.41,46.75,0
26088631,1,0.47,0.4,162.91,162.91,36.86,35.59,0
34891135,1,0.84,0.68,179.0,179.0,2.25,2.33,0
25973606,1,0.65,0.52,180.75,180.75,7.14,6.87,0
58224775,1,0.29,0.26,169.6,169.6,49.85,51.39,0
69143235,1,0.59,0.54,84.26,84.26,14.53,13.83,0
65877954,1,0.42,0.41,174.4,174.4,40.32,38.89,0
86810449,1,0.71,0.69,143.58,143.58,28.46,28.06,0
17087940,1,0.8,0.78,170.15,170.15,56.26,54.47,0
74317393,1,0.37,0.33,129.67,129.67,57.17,58.98,0
57087200,1,0.41,0.33,114.39,114.39,24.9,24.36,0
11879472,1,0.95,0.9,165.69,165.69,38.28,37.0,0
77641318,1,0.67,0.61,177.53,177.53,15.42,15.87,0
87060468,1,0.62,0.56,110.36,110.36,14.4,15.11,0
41953926,1,0.37,0.32,170.88,170.88,26.73,25.96,0
35222909,1,0.68,0.64,164.27,164.27,40.44,41.26,0
69566632,1,0.97,0.8,96.76,96.76,54.74,54.66,0
63805712,1,0.52,0.46,148.42,148.42,58.19,59.75,0
39488882,1,0.74,0.65,99.17,99.17,40.29,40.86,0
93046596,1,0.48,0.47,104.16,104.16,44.65,44.52,0
10478853,1,0.9,0.8,115.32,115.32,57.6,59.35,0
88782309,1,0.55,0.46,138.87,138.87,3.05,2.94,0
82091017,1,0.57,0.48,87.29,87.29,49.93,51.86,0
52068807,1,0.42,0.39,106.55,106.55,37.76,38.76,0
30807467,1,0.49,0.47,162.4,162.4,58.31,56.36,0
57550256,1,0.63,0.6,93.73,93.73,41.33,41.13,0
93837729,1,0.3,0.28,104.54,104.54,29.3,29.45,0
33746109,1,0.53,0.5,93.51,93.51,51.93,49.76,0
67337246,1,0.28,0.24,129.03,129.03,23.76,23.83,0
92335853,1,0.72,0.69,100.15,100.15,6.69,6.5,0
65313631,1,0.26,0.24,134.64,134.64,8.99,9.33,0
22745813,1,0.52,0.43,193.43,193.43,33.6,32.76,0
86354488,1,0.38,0.32,109.16,109.16,56.57,58.15,0
25422949,1,0.34,0.28,125.73,125.73,45.75,43.69,0
47743019,1,0.64,0.52,105.53,105.53,33.2,31.83,0
38978368,1,0.78,0.74,84.53,84.53,2.45,2.35,0
30773140,1,0.21,0.17,176.85,176.85,30.4,30.87,0
74299169,1,0.73,0.66,105.44,105.44,11.11,10.95,0
72153013,1,0.42,0.36,145.97,145.97,54.01,52.0,0
86224858,1,0.41,0.37,117.79,117.79,46.13,44.54,0
17767643,1,0.21,0.21,137.54,137.54,47.3,49.03,0
39176919,1,0.5,0.48,171.72,171.72,55.07,56.58,0
17690194,1,0.45,0.37,169.22,169.22,45.84,45.18,0
83168220,1,0.31,0.29,136.91,136.91,19.4,20.14,0
56708934,1,0.89,0.78,150.41,150.41,35.95,35.25,0
12721525,1,0.98,0.86,166.61,166.61,2.87,2.73,0
91330721,1,0.37,0.34,86.84,86.84,13.26,13.47,0
55189143,1,0.88,0.87,152.59,152.59,46.6,47.8,0
62078731,1,0.39,0.34,197.99,197.99,11.31,11.34,0
18391444,1,0.93,0.78,181.23,181.23,7.97,7.59,0
12092950,1,0.22,0.21,191.91,191.91,11.99,11.69,0
45575547,1,0.43,0.42,152.04,152.04,33.24,34.38,0
62523097,1,0.22,0.22,168.81,168.81,24.96,24.32,0
65292353,1,0.94,0.86,97.16,97.16,15.83,16.42,0
91317093,1,0.34,0.33,81.1,81.1,32.01,33.56,0
97755863,1,0.97,0.93,91.54,91.54,58.14,57.4,0
96876565,1,0.41,0.34,186.75,186.75,10.25,10.65,0
46507037,1,0.81,0.67,172.04,172.04,45.13,43.47,0
99862319,1,0.4,0.33,165.24,165.24,27.03,27.41,0
71104632,1,0.72,0.63,89.89,89.89,35.2,35.47,0
30348848,1,0.48,0.44,180.81,180.81,31.27,32.65,0
28049981,1,0.83,0.69,154.38,154.38,15.94,16.58,0
99727138,1,0.41,0.4,183.14,183.14,41.1,40.99,0
30475273,1,0.65,0.52,197.2,197.2,16.33,15.61,0
30675204,1,0.21,0.17,108.34,108.34,47.58,47.43,0
80301501,1,0.42,0.37,107.55,107.55,10.26,10.28,0
12442167,1,0.46,0.38,103.45,103.45,36.98,37.57,0
64039397,1,0.7,0.65,157.22,157.22,46.33,44.25,0
25939127,1,0.98,0.91,180.22,180.22,25.57,26.21,0
95592485,1,0.42,0.37,176.79,176.79,48.6,49.65,0
60237179,1,0.2,0.17,195.63,195.63,39.27,38.68,0
38621039,1,0.95,0.85,134.68,134.68,57.84,60.62,0
82089371,1,0.69,0.57,151.88,151.88,27.46,27.37,0
98571122,1,0.76,0.62,154.58,154.58,56.62,54.17,0
75690025,1,0.82,0.78,123.46,123.46,5.83,5.64,0
81898717,1,0.7,0.59,147.27,147.27,49.92,49.24,0
40331524,1,0.55,0.47,175.72,175.72,6.93,6.66,0
70945357,1,0.53,0.52,83.11,83.11,9.21,9.23,0
15819963,1,0.7,0.66,88.95,88.95,18.77,18.48,0
46834459,1,0.41,0.39,160.09,160.09,26.87,27.63,0
56539157,1,0.8,0.7,198.11,198.11,48.7,49.99,0
66263329,1,0.83,0.82,112.18,112.18,5.35,5.43,0
32342726,1,0.67,0.66,101.88,101.88,16.7,15.88,0
51838515,1,0.51,0.47,102.0,102.0,8.63,8.52,0
87100439,1,0.49,0.43,148.06,148.06,22.99,22.06,0
53904496,1,0.85,0.73,158.47,158.47,23.0,22.51,0
36166997,1,0.46,0.41,95.79,95.79,41.54,43.25,0
39306964,1,0.79,0.76,148.55,148.55,33.44,33.16,0
35140333,1,0.53,0.51,110.82,110.82,46.9,44.96,0
29991114,1,0.26,0.23,93.7,93.7,22.03,22.5,0
19368815,1,0.44,0.39,178.98,178.98,12.86,13.32,0
19772106,1,0.72,0.7,156.37,156.37,14.97,15.63,0
66772556,1,0.27,0.24,135.74,135.74,49.96,51.79,0
96522300,1,0.82,0.69,97.25,97.25,23.35,23.46,0
89692431,1,0.34,0.3,137.52,137.52,1.46,1.44,0
43431240,1,0.41,0.39,87.22,87.22,8.9,8.47,0
13501973,1,0.84,0.77,127.35,127.35,41.99,41.25,0
29867502,1,0.57,0.54,127.35,127.35,14.97,15.53,0
45511028,1,0.65,0.53,84.93,84.93,8.55,8.18,0
19807464,1,0.68,0.61,98.92,98.92,26.72,26.42,0
18982028,1,0.25,0.21,102.77,102.77,49.53,49.47,0
99137042,1,0.23,0.23,103.24,103.24,50.47,49.05,0
72863058,1,2.63,1.5,240.72,240.72,28.42,28.84,0
93224303,1,2.57,0.9,367.39,367.39,15.86,16.31,0
33146277,1,7.56,5.44,594.5,594.5,48.26,49.74,0
90613473,1,5.59,1.84,320.84,320.84,4.5,4.68,0
40868224,1,6.77,5.15,300.74,300.74,9.57,9.34,0
29420674,1,3.71,1.89,538.03,538.03,21.51,21.2,0
13607213,1,5.6,2.3,291.2,291.2,16.06,15.81,0
35745528,1,2.74,0.77,717.25,717.25,14.61,14.0,0
30479771,1,3.7,0.93,757.37,757.37,34.79,33.07,0
25882547,1,3.32,1.56,753.57,753.57,44.22,44.22,0
24132776,1,3.47,2.67,659.89,659.89,40.37,42.38,0
28205063,1,6.09,0.67,221.95,221.95,22.72,23.73,0
48018318,1,5.65,5.09,632.87,632.87,32.07,31.15,0
76926156,1,6.9,6.69,411.51,411.51,20.49,20.24,0
41881204,1,7.24,2.1,355.98,355.98,12.41,12.03,0
70503332,1,5.81,1.16,606.24,606.24,46.89,48.28,0
52452932,1,3.0,1.53,766.63,766.63,34.95,36.43,0
88347762,1,6.25,1.56,399.8,399.8,39.07,40.76,0
40940354,1,7.88,2.52,444.86,444.86,54.29,56.76,0
65367990,1,7.56,2.34,548.31,548.31,13.71,14.01,0
89926141,1,7.82,6.18,502.0,502.0,46.49,45.53,0
32582817,1,3.9,2.96,600.85,600.85,4.53,4.55,0
74473075,1,4.37,2.1,473.16,473.16,11.1,11.59,0
58538982,1,6.39,4.41,409.61,409.61,41.15,41.38,0
12556433,1,5.67,5.56,354.54,354.54,40.55,39.31,0
19656387,1,3.21,2.15,647.39,647.39,49.08,50.17,0
59604202,1,4.8,3.79,331.59,331.59,31.31,30.59,0
30368383,1,2.36,1.32,447.36,447.36,59.23,60.99,0
92542243,1,4.74,1.99,487.74,487.74,10.26,10.31,0
44168302,1,4.06,2.48,499.97,499.97,5.23,5.3,0
63345112,1,2.84,0.31,435.3,435.3,53.58,56.13,0
86215530,1,2.41,1.86,341.22,341.22,25.44,24.64,0
99356965,1,5.27,4.11,227.74,227.74,14.84,14.62,0
26287480,1,3.99,2.43,278.8,278.8,1.67,1.66,0
76834031,1,7.31,1.68,294.06,294.06,54.88,52.92,0
10638897,1,3.37,1.01,286.25,286.25,47.76,47.8,0
86420968,1,3.67,3.27,507.99,507.99,2.28,2.37,0
48361407,1,2.62,1.15,447.59,447.59,54.85,56.88,0
13895932,1,4.54,3.13,518.38,518.38,55.99,57.51,0
99738453,1,4.57,3.98,628.25,628.25,53.96,56.52,0
45107653,1,6.83,4.37,654.57,654.57,15.13,15.16,0
16237267,1,7.17,2.08,634.63,634.63,13.4,13.82,0
74217260,1,7.45,3.58,428.07,428.07,45.23,46.65,0
21941495,1,4.17,2.0,572.25,572.25,8.36,8.26,0
55498214,1,6.84,2.6,343.38,343.38,12.52,12.01,0
26927344,1,3.69,2.07,445.39,445.39,35.64,35.67,0
47295204,1,4.1,1.11,252.31,252.31,16.41,16.11,0
66675396,1,2.05,0.64,323.06,323.06,59.25,56.88,0
81877212,1,2.09,0.94,576.34,576.34,58.87,59.0,0
56006035,1,5.02,0.95,570.3,570.3,44.08,42.91,0
65327537,1,5.43,1.85,409.16,409.16,33.61,33.7,0
13553643,1,7.0,5.6,335.26,335.26,56.81,55.01,0
68244439,1,5.91,0.65,539.66,539.66,16.93,17.67,0
58579625,1,3.56,0.57,738.15,738.15,17.55,16.99,0
82272936,1,2.98,2.89,242.59,242.59,39.24,38.56,0
32419140,1,7.27,5.23,513.22,513.22,11.4,11.39,0
21809795,1,7.01,4.0,779.53,779.53,20.38,20.39,0
40740051,1,4.72,3.45,472.78,472.78,27.2,26.39,0
18304743,1,2.31,1.66,480.35,480.35,48.0,45.81,0
71672479,1,7.01,6.31,759.59,759.59,19.82,20.36,0
46918002,1,7.29,3.28,523.82,523.82,22.8,21.77,0
11597743,1,6.36,1.21,370.95,370.95,15.29,15.07,0
71397394,1,5.87,0.94,798.46,798.46,4.7,4.63,0
86829533,1,7.86,6.29,505.87,505.87,12.11,11.61,0
76478264,1,4.43,1.37,692.94,692.94,2.58,2.53,0
98936135,1,6.08,2.25,767.69,767.69,33.88,32.98,0
55965496,1,3.89,3.03,608.03,608.03,22.62,23.55,0
67942617,1,7.64,6.88,732.7,732.7,57.75,58.02,0
26379553,1,6.36,3.88,721.16,721.16,13.02,12.79,0
30298602,1,2.19,0.99,768.14,768.14,8.22,7.82,0
59067547,1,6.54,1.57,644.52,644.52,28.12,28.39,0
49731208,1,3.48,2.71,679.53,679.53,23.25,24.13,0
72929295,1,6.01,3.25,570.86,570.86,18.04,17.88,0
57271271,1,3.3,0.53,379.77,379.77,45.8,46.17,0
24655333,1,7.81,3.28,295.47,295.47,41.82,42.7,0
29552735,1,3.27,1.93,578.66,578.66,38.88,38.02,0
68386509,1,5.58,4.58,602.67,602.67,28.19,27.48,0
19535633,1,2.19,1.55,409.79,409.79,31.67,32.51,0
83543129,1,3.5,2.98,467.66,467.66,34.14,35.6,0
63757141,1,3.81,3.58,769.38,769.38,12.39,12.03,0
42981591,1,5.43,3.42,412.73,412.73,53.09,50.99,0
74780922,1,5.62,2.08,291.73,291.73,30.47,30.91,0
96442141,1,5.35,4.33,211.17,211.17,47.71,47.14,0
65829310,1,2.0,0.76,772.45,772.45,9.85,9.55,0
95482199,1,3.34,3.21,509.05,509.05,42.43,41.15,0
98241179,1,6.2,5.89,267.58,267.58,31.63,30.58,0
68437422,1,6.46,2.65,424.7,424.7,49.36,47.11,0
97348763,1,7.21,5.62,712.01,712.01,20.15,19.95,0
78499280,1,5.89,4.48,222.04,222.04,15.31,15.01,0
32918615,1,7.91,2.21,251.79,251.79,43.68,45.25,0
82005004,1,7.93,6.98,691.79,691.79,2.87,2.85,0
35844271,1,4.74,2.94,662.26,662.26,15.23,15.98,0
17516735,1,5.43,0.65,514.62,514.62,1.81,1.83,0
14574415,1,3.59,1.26,466.51,466.51,44.96,44.2,0
42138389,1,3.33,1.63,604.41,604.41,34.0,32.9,0
67699488,1,4.68,3.46,347.81,347.81,46.53,47.62,0
23864113,1,3.24,2.82,442.21,442.21,32.16,32.48,0
91532756,1,7.86,1.73,695.66,695.66,29.28,28.05,0
33374072,1,2.08,2.02,452.68,452.68,49.29,47.59,0
57537943,1,7.17,6.81,611.64,611.64,20.75,21.7,0
75166987,1,6.67,5.07,431.2,431.2,17.7,16.85,0
44981597,1,5.11,4.09,749.97,749.97,45.29,46.64,0
15798028,1,4.5,3.87,538.29,538.29,34.14,34.23,0
97698711,1,6.14,0.74,677.94,677.94,15.65,15.27,0
43494106,1,6.18,2.16,621.19,621.19,28.52,27.64,0
23410999,1,2.72,1.55,589.54,589.54,22.94,22.13,0
26703941,1,3.27,2.32,780.61,780.61,2.71,2.7,0
34299673,1,3.03,2.09,285.14,285.14,52.96,54.14,0
21995118,1,4.73,0.95,791.26,791.26,20.46,20.61,0
80646265,1,6.88,5.23,532.94,532.94,15.2,14.74,0
44333755,1,6.76,0.88,451.72,451.72,27.84,28.05,0
30943234,1,3.67,2.02,484.44,484.44,14.59,14.02,0
71038297,1,4.28,0.51,293.85,293.85,11.62,11.64,0
91986344,1,4.37,1.57,704.94,704.94,5.52,5.29,0
42380786,1,3.15,3.06,756.63,756.63,41.71,42.56,0
37266195,1,3.46,2.56,544.01,544.01,44.28,43.18,0
35042160,1,6.47,1.88,253.58,253.58,40.01,38.7,0
23889642,1,6.4,4.35,576.93,576.93,2.18,2.15,0
55077096,1,2.36,2.03,391.72,391.72,31.46,31.47,0
37150136,1,2.92,0.61,265.49,265.49,59.43,60.74,0
38131802,1,3.84,1.42,484.31,484.31,9.87,9.77,0
76472392,1,4.99,3.34,695.09,695.09,36.3,34.63,0
45361673,1,4.85,4.37,379.0,379.0,36.03,34.31,0
84310818,1,5.86,4.51,583.74,583.74,56.99,58.5,0
23061529,1,5.44,2.99,547.5,547.5,10.02,9.63,0
36518519,1,7.76,7.22,520.82,520.82,32.29,32.84,0
27597158,1,7.3,1.31,274.66,274.66,29.95,30.99,0
35180322,1,3.17,0.89,785.32,785.32,53.22,50.9,0
46720981,1,4.69,3.61,737.89,737.89,33.61,33.48,0
26017472,1,5.69,4.95,731.57,731.57,41.37,42.97,0
85814512,1,5.78,0.98,610.97,610.97,20.11,20.34,0
43783032,1,4.85,3.88,388.05,388.05,27.25,27.89,0
17022000,1,2.88,1.81,522.84,522.84,25.77,24.49,0
71711779,1,6.99,5.52,583.36,583.36,59.88,61.54,0
82649525,1,2.62,1.15,561.9,561.9,28.03,27.83,0
42152779,1,5.95,1.37,205.38,205.38,18.11,17.84,0
80313592,1,4.29,3.73,789.8,789.8,56.26,53.77,0
18185846,1,2.67,0.61,337.11,337.11,17.13,17.36,0
61820159,1,4.92,2.85,457.87,457.87,50.23,50.59,0
40895600,1,4.61,0.83,287.7,287.7,13.22,13.55,0
63386120,1,7.49,3.75,571.76,571.76,11.44,11.87,0
71830141,1,3.69,3.62,384.4,384.4,30.48,31.94,0
46200639,1,6.52,5.8,727.94,727.94,15.03,15.13,0
46512297,1,3.82,2.37,293.39,293.39,39.6,37.73,0
52768749,1,6.78,6.31,763.3,763.3,3.0,2.95,0
28332356,1,3.08,1.82,376.37,376.37,22.19,21.54,0
87216084,1,5.18,3.63,222.72,222.72,56.55,56.64,0
60087043,1,4.8,1.68,353.61,353.61,19.08,19.43,0
71642362,1,3.26,1.5,798.66,798.66,31.86,32.84,0
23473929,1,7.99,6.71,358.39,358.39,22.22,22.79,0
72792468,1,7.61,7.08,296.58,296.58,10.39,10.57,0
49820299,1,2.17,1.71,492.21,492.21,6.11,6.34,0
54716505,1,6.49,1.75,636.44,636.44,1.86,1.85,0
34745795,1,4.28,3.81,509.16,509.16,45.07,46.47,0
29401539,1,5.93,4.63,524.28,524.28,55.67,56.42,0
93036859,1,5.38,1.61,303.02,303.02,43.02,41.17,0
34912274,1,6.18,1.24,783.36,783.36,14.51,14.49,0
24457376,1,7.0,1.61,217.62,217.62,55.96,57.64,0
11580505,1,4.65,1.21,772.38,772.38,50.55,53.05,0
97695208,1,7.05,6.63,773.08,773.08,41.79,40.37,0
68052000,1,7.97,4.62,468.72,468.72,35.75,34.78,0
17417029,1,5.14,1.59,757.43,757.43,51.33,52.53,0
78284392,1,5.28,2.75,750.37,750.37,13.15,13.6,0
59236583,1,6.62,6.22,249.82,249.82,51.63,54.05,0
96356805,1,3.36,1.55,728.39,728.39,16.88,16.49,0
65759324,1,6.71,5.9,433.51,433.51,38.14,37.02,0
86912274,1,5.98,2.39,435.57,435.57,13.22,12.7,0
58812417,1,3.94,1.73,584.11,584.11,28.23,29.18,0
26062683,1,6.86,4.25,425.5,425.5,56.02,53.62,0
78469340,1,2.77,0.75,521.7,521.7,53.9,56.23,0
81314377,1,3.63,2.47,691.24,691.24,58.84,60.96,0
92095735,1,7.52,2.41,599.46,599.46,24.47,24.12,0
61941520,1,5.42,1.46,267.76,267.76,48.14,46.53,0
57511896,1,6.76,2.03,298.53,298.53,40.54,40.41,0
51601563,1,4.8,2.54,375.39,375.39,34.96,36.41,0
53509674,1,7.06,2.54,521.58,521.58,20.36,20.4,0
80303731,1,2.4,1.01,450.94,450.94,31.15,30.23,0
68198538,1,2.03,1.95,740.61,740.61,56.92,54.26,0
84993053,1,4.97,2.58,526.86,526.86,51.75,52.2,0
68861786,1,2.68,1.26,711.27,711.27,21.22,21.84,0
30762551,1,6.4,1.09,257.92,257.92,56.03,57.01,0
19520171,1,5.84,1.11,314.2,314.2,15.81,16.16,0
97504492,1,6.36,6.11,211.98,211.98,15.17,14.98,0
55849084,1,2.71,1.46,567.24,567.24,33.89,34.81,0
69320633,1,2.7,0.78,307.2,307.2,12.25,12.55,0
84552282,1,3.43,1.72,316.97,316.97,11.0,11.34,0
17030053,1,7.43,4.38,755.25,755.25,45.13,43.4,0
42563730,1,2.87,1.12,741.59,741.59,8.88,8.65,0
86550832,1,6.49,0.78,576.68,576.68,30.69,31.51,0
15640371,1,3.48,1.95,385.83,385.83,51.8,51.88,0
67455806,1,7.57,3.41,551.16,551.16,35.78,36.22,0
29825645,1,5.49,3.02,429.88,429.88,28.61,27.52,0
28747851,1,5.27,2.27,485.13,485.13,55.0,55.69,0
27844591,1,7.09,5.18,216.15,216.15,31.88,30.39,0
97460995,1,4.66,4.15,451.69,451.69,43.16,41.27,0
34042763,1,6.56,6.3,736.05,736.05,26.64,25.98,0
51960816,1,3.23,0.97,260.98,260.98,17.43,17.07,0
31320986,1,4.25,1.06,452.94,452.94,49.91,48.45,0
17945159,1,5.07,3.3,424.13,424.13,32.45,32.66,0
12573308,1,2.35,2.0,247.24,247.24,26.85,26.01,0
44277109,1,4.3,3.87,652.16,652.16,24.98,25.8,0
30289160,1,3.14,1.44,793.32,793.32,2.35,2.41,0
44235562,1,6.77,6.7,348.64,348.64,52.49,54.55,0
62262748,1,4.71,1.46,728.63,728.63,47.18,48.1,0
44740606,1,2.04,1.49,317.21,317.21,13.87,14.15,0
76115536,1,4.09,2.21,475.79,475.79,14.33,14.05,0
52635451,1,7.28,1.6,502.07,502.07,54.13,54.61,0
67320688,1,5.07,4.97,778.66,778.66,57.29,59.51,0
59285898,1,3.02,2.6,744.94,744.94,15.17,15.01,0
77947836,1,5.21,4.53,324.71,324.71,1.22,1.26,0
49687594,1,5.12,1.28,211.84,211.84,12.07,11.55,0
43550061,1,6.31,4.42,642.92,642.92,37.45,37.46,0
48524655,1,4.8,4.46,610.03,610.03,18.47,19.23,0
33636102,1,5.45,2.45,593.1,593.1,37.55,36.07,0
44193666,1,6.68,5.08,428.57,428.57,49.44,47.48,0
51024832,1,4.74,0.47,716.81,716.81,39.04,38.52,0
10960033,1,7.91,1.74,722.46,722.46,34.1,33.61,0
57308473,1,2.15,0.8,508.74,508.74,48.02,47.79,0
51608928,1,2.24,0.69,273.25,273.25,18.55,19.23,0
16551921,1,6.1,1.4,513.06,513.06,35.4,35.46,0
73024701,1,6.84,4.86,454.0,454.0,15.85,15.18,0
36954328,1,7.94,2.06,783.93,783.93,4.8,4.85,0
87786218,1,5.31,2.18,352.35,352.35,27.07,27.43,0
64956430,1,2.0,1.08,235.27,235.27,44.56,45.82,0
13805238,1,2.29,0.27,671.9,671.9,30.61,29.76,0
70629693,1,6.23,4.67,212.99,212.99,46.32,47.0,0
75555654,1,5.38,1.02,1648.38,1648.38,33.16,34.76,0
58653996,1,7.99,7.51,1377.35,1377.35,9.22,8.85,0
38368734,1,3.97,1.35,1113.01,1113.01,58.28,58.6,0
48170398,1,3.98,0.56,1460.28,1460.28,7.81,7.59,0
60988539,1,5.1,2.55,1263.04,1263.04,48.94,48.9,0
92629053,1,5.45,2.07,1408.52,1408.52,43.34,42.99,0
88742160,1,4.92,3.3,1324.46,1324.46,18.55,17.69,0
56287554,1,7.92,3.17,1270.51,1270.51,58.73,57.77,0
82309504,1,5.54,5.37,1483.12,1483.12,35.52,34.86,0
84172628,1,2.91,0.58,1260.85,1260.85,53.76,51.99,0
17176025,1,7.96,3.1,1185.05,1185.05,42.34,40.77,0
96109631,1,2.99,0.51,1090.12,1090.12,13.61,14.11,0
84778767,1,7.43,3.42,1702.31,1702.31,38.79,40.22,0
35979814,1,4.61,2.86,1774.18,1774.18,17.8,17.19,0
55416214,1,2.2,0.75,914.15,914.15,17.16,16.64,0
55392588,1,5.72,5.61,1619.25,1619.25,56.48,57.94,0
52018793,1,5.44,1.9,1698.5,1698.5,1.97,2.0,0
45851414,1,4.19,2.18,1180.19,1180.19,1.31,1.28,0
53793751,1,6.81,3.4,1283.54,1283.54,55.13,56.71,0
43415312,1,7.5,1.05,1065.51,1065.51,25.64,25.62,0
33199057,1,5.09,2.7,836.3,836.3,40.72,41.7,0
99469831,1,4.47,3.8,1629.56,1629.56,55.97,57.84,0
57443432,1,3.58,2.26,1014.88,1014.88,23.74,24.49,0
45266025,1,2.32,1.25,1337.66,1337.66,15.37,15.37,0
20122887,1,6.57,2.3,1465.75,1465.75,31.94,32.52,0
81944686,1,6.55,5.57,1715.46,1715.46,24.61,24.88,0
49917196,1,3.75,3.34,1341.17,1341.17,23.88,24.03,0
68373196,1,7.3,4.09,1849.72,1849.72,22.32,22.48,0
10318740,1,5.01,4.76,1637.68,1637.68,53.65,53.18,0
45993878,1,2.4,0.77,1954.77,1954.77,25.78,24.79,0
63735337,1,4.03,2.78,1474.86,1474.86,53.63,52.93,0
46541491,1,5.64,4.85,1388.25,1388.25,6.23,6.39,0
87200373,1,3.97,3.3,1384.59,1384.59,24.45,25.44,0
57253031,1,4.96,3.37,1603.24,1603.24,50.18,48.23,0
15011329,1,3.59,1.22,1904.46,1904.46,55.0,53.44,0
98206134,1,4.11,2.47,1704.85,1704.85,3.1,3.21,0
51628090,1,5.49,4.89,918.83,918.83,55.6,57.82,0
63512776,1,7.91,2.37,1444.7,1444.7,5.35,5.14,0
45024478,1,3.48,1.77,1459.48,1459.48,31.36,31.58,0
73144277,1,7.47,4.11,1474.24,1474.24,29.6,29.13,0
52072760,1,5.18,4.77,1360.93,1360.93,15.49,15.4,0
75598442,1,4.79,0.81,1138.39,1138.39,26.45,27.4,0
74400814,1,3.36,1.71,1491.23,1491.23,55.89,54.02,0
21840896,1,7.82,1.33,1923.88,1923.88,52.21,49.78,0
32831741,1,3.25,0.97,1519.01,1519.01,9.34,8.9,0
94226143,1,7.02,4.77,1047.38,1047.38,16.02,15.23,0
51598033,1,7.45,1.64,1090.11,1090.11,41.62,41.82,0
67228134,1,3.75,1.76,1192.21,1192.21,4.89,4.73,0
67296904,1,4.82,2.94,1514.88,1514.88,23.29,22.45,0
97917813,1,3.97,2.54,1785.04,1785.04,47.03,44.83,0
40498355,1,6.86,0.82,1754.88,1754.88,31.81,32.06,0
86753711,1,6.05,4.9,830.48,830.48,5.56,5.3,0
29844701,1,6.75,3.85,1427.58,1427.58,6.68,6.99,0
96617248,1,2.24,1.66,827.92,827.92,33.95,33.57,0
99749770,1,3.59,1.94,1405.72,1405.72,22.16,22.25,0
40909952,1,5.24,1.31,1259.79,1259.79,50.44,50.82,0
80146426,1,4.11,1.64,1795.84,1795.84,51.8,50.9,0
81894741,1,2.52,0.3,1558.85,1558.85,50.01,51.53,0
57484469,1,2.32,1.25,1109.31,1109.31,14.33,13.64,0
65425562,1,6.7,5.03,860.26,860.26,8.68,8.85,0
28035443,1,6.07,4.8,1665.43,1665.43,29.19,28.09,0
27202456,1,4.7,1.97,1625.81,1625.81,26.2,26.1,0
40954607,1,4.31,0.78,1282.61,1282.61,39.85,40.58,0
97332085,1,5.58,2.73,1143.46,1143.46,30.47,30.1,0
38884926,1,7.27,5.67,1961.9,1961.9,6.63,6.95,0
89411601,1,4.66,1.58,1729.51,1729.51,25.83,26.42,0
89893215,1,4.98,2.24,1655.04,1655.04,57.4,57.37,0
79423426,1,7.84,2.04,1168.12,1168.12,38.48,40.34,0
90380272,1,7.48,3.37,1245.95,1245.95,14.64,14.61,0
90070512,1,5.15,1.7,1955.15,1955.15,40.74,39.19,0
68465623,1,5.83,2.45,1340.02,1340.02,47.68,46.29,0
11713411,1,6.28,1.63,900.64,900.64,24.04,25.03,0
69347122,1,4.14,1.9,1915.09,1915.09,34.06,33.17,0
21379686,1,5.2,2.7,1190.82,1190.82,6.11,6.2,0
80798105,1,2.79,1.12,1399.23,1399.23,47.82,48.91,0
26783387,1,7.52,6.77,1811.92,1811.92,43.17,44.98,0
97508319,1,3.89,2.88,806.9,806.9,29.12,29.18,0
89563626,1,4.39,0.75,1817.72,1817.72,22.14,22.09,0
13842882,1,2.66,2.39,1594.43,1594.43,56.62,57.81,0
37565054,1,7.53,6.85,1141.78,1141.78,23.04,22.01,0
82246437,1,3.57,0.61,1859.78,1859.78,33.13,33.58,0
49310478,1,7.96,1.99,1150.64,1150.64,19.47,20.28,0
14467729,1,3.35,3.08,1931.91,1931.91,37.47,36.9,0
61667703,1,4.39,2.33,839.69,839.69,22.37,23.34,0
83325512,1,7.9,1.26,1901.25,1901.25,6.24,6.53,0
82223016,1,6.11,0.92,1994.84,1994.84,49.17,51.07,0
94603010,1,3.26,0.75,966.97,966.97,43.26,41.16,0
27766779,1,4.59,2.29,1322.72,1322.72,25.01,24.62,0
20354370,1,5.86,5.16,825.02,825.02,21.43,21.44,0
35605805,1,3.21,2.5,1234.11,1234.11,19.99,20.83,0
61862600,1,6.62,6.16,1235.96,1235.96,55.96,53.89,0
13564453,1,4.67,0.61,800.17,800.17,24.65,25.09,0
69472818,1,2.31,1.04,1187.68,1187.68,23.71,23.73,0
70645210,1,5.5,5.45,1209.36,1209.36,47.37,46.85,0
19348538,1,2.78,0.86,1490.83,1490.83,16.16,15.6,0
61573264,1,7.36,4.93,824.21,824.21,3.85,3.69,0
33010034,1,6.58,3.16,1619.48,1619.48,53.71,54.84,0
16790443,1,2.92,0.93,1082.75,1082.75,46.47,45.53,0
96504882,1,2.18,1.7,1141.73,1141.73,14.18,14.1,0
64717425,1,6.05,1.81,1761.46,1761.46,1.77,1.85,0
75546131,1,5.84,2.57,1264.51,1264.51,21.84,22.84,0
40643151,1,7.14,5.0,1133.78,1133.78,59.83,59.51,0
27135576,1,2.39,1.67,1654.23,1654.23,36.82,37.15,0
18864713,1,3.96,3.56,1751.25,1751.25,16.52,16.39,0
21258746,1,7.91,7.12,861.63,861.63,25.2,26.21,0
72110955,1,7.31,3.44,1147.69,1147.69,9.76,9.92,0
42694200,1,6.8,3.33,1966.35,1966.35,49.98,48.84,0
92140740,1,7.31,5.26,1124.86,1124.86,3.06,2.91,0
63540309,1,6.54,5.23,1827.47,1827.47,10.03,10.04,0
87267851,1,2.63,2.5,1186.48,1186.48,55.45,55.8,0
85880494,1,2.06,1.81,1784.69,1784.69,48.21,46.13,0
10435414,1,5.48,1.26,906.74,906.74,22.69,22.91,0
12672784,1,4.77,2.29,1014.36,1014.36,10.72,10.8,0
47518336,1,2.53,0.33,1450.14,1450.14,15.99,15.74,0
36581336,1,2.91,1.78,1472.78,1472.78,28.59,27.36,0
52862663,1,7.93,4.12,1727.67,1727.67,12.74,12.23,0
37418521,1,4.11,2.38,824.54,824.54,28.35,29.49,0
12556162,1,4.29,2.02,1730.16,1730.16,55.57,57.94,0
95537455,1,2.8,2.72,1643.4,1643.4,25.02,25.55,0
17858153,1,3.48,3.41,1311.08,1311.08,34.44,32.83,0
29249005,1,5.47,4.81,1209.44,1209.44,3.61,3.69,0
42077975,1,5.09,1.53,1045.23,1045.23,16.56,16.21,0
30041932,1,6.94,6.11,1626.32,1626.32,36.7,36.08,0
82163601,1,7.2,6.77,1880.13,1880.13,22.83,22.96,0
29859567,1,3.68,3.31,1022.99,1022.99,20.25,20.05,0
44262962,1,2.98,1.13,1785.84,1785.84,46.9,45.05,0
74766709,1,5.73,4.07,1879.87,1879.87,23.37,22.28,0
41027142,1,4.7,4.23,1974.7,1974.7,50.62,49.07,0
63286337,1,2.07,1.22,1691.26,1691.26,54.86,57.4,0
19485294,1,6.79,6.18,939.53,939.53,7.75,7.7,0
97756805,1,7.24,3.11,842.81,842.81,38.61,38.48,0
34041954,1,4.08,1.02,1912.77,1912.77,22.13,21.33,0
90418899,1,4.34,3.21,1313.14,1313.14,21.62,21.93,0
67198407,1,6.48,5.9,1397.75,1397.75,24.61,24.69,0
18282607,1,6.5,6.04,1629.34,1629.34,2.66,2.65,0
54614120,1,7.32,1.24,1664.6,1664.6,36.1,37.51,0
72741774,1,3.85,1.31,1948.72,1948.72,5.64,5.48,0
22625823,1,5.59,4.81,1128.46,1128.46,40.6,42.59,0
26989288,1,7.01,5.96,1783.7,1783.7,22.35,21.57,0
76465421,1,5.99,4.73,883.72,883.72,42.45,43.11,0
15782359,1,6.91,4.08,1612.67,1612.67,25.66,26.18,0
56705704,1,5.03,3.02,892.31,892.31,34.6,33.97,0
94409989,1,3.08,0.83,852.59,852.59,48.41,50.61,0
67613597,1,4.91,3.73,1964.99,1964.99,35.92,35.32,0
39609043,1,4.09,0.94,1117.11,1117.11,8.45,8.78,0
42803175,1,3.57,1.89,1429.12,1429.12,40.03,38.67,0
45213116,1,3.52,1.65,1872.73,1872.73,29.61,30.49,0
71568644,1,7.02,5.62,1108.17,1108.17,51.63,53.98,0
32896953,1,5.52,3.48,1427.8,1427.8,40.05,41.34,0
74770740,1,3.11,1.83,1955.97,1955.97,5.49,5.53,0
75398618,1,3.69,2.32,905.37,905.37,22.88,24.02,0
97068689,1,2.27,2.22,1022.11,1022.11,46.93,46.2,0
73699473,1,4.22,2.36,869.44,869.44,30.15,31.54,0
71017617,1,7.9,2.29,844.59,844.59,43.06,42.3,0
84685047,1,2.3,1.36,1288.37,1288.37,13.0,12.58,0
92693225,1,6.84,2.8,1851.77,1851.77,42.99,42.55,0
95703046,1,3.45,2.76,1711.66,1711.66,42.56,43.84,0
50516673,1,3.24,2.2,1993.83,1993.83,43.45,41.41,0
42899565,1,3.69,3.14,1005.46,1005.46,48.19,46.72,0
96901739,1,6.87,6.39,1055.42,1055.42,2.88,2.99,0
73479673,1,4.08,3.84,947.23,947.23,46.74,45.88,0
32545158,1,6.18,3.34,1707.74,1707.74,59.95,61.25,0
35112694,1,7.32,1.83,1544.23,1544.23,52.02,49.45,0
62270309,1,3.79,3.68,1247.76,1247.76,5.76,5.51,0
67412034,1,4.98,4.08,1837.9,1837.9,34.23,32.96,0
97561679,1,5.14,1.9,847.92,847.92,25.12,24.41,0
39521848,1,2.95,2.8,912.64,912.64,57.11,55.33,0
62331501,1,6.76,5.07,1884.22,1884.22,14.72,14.25,0
10424748,1,4.99,4.24,1366.31,1366.31,37.12,35.95,0
60656862,1,6.63,4.51,1321.51,1321.51,1.54,1.58,0
68137733,1,5.93,5.04,1399.37,1399.37,47.31,47.56,0
80866677,1,4.4,3.3,803.3,803.3,1.72,1.68,0
52262507,1,3.41,0.41,1071.32,1071.32,37.97,36.61,0
45998543,1,4.99,1.25,1652.53,1652.53,18.14,17.73,0
32266110,1,5.13,3.95,1857.83,1857.83,47.44,49.67,0
95439776,1,7.45,4.62,1758.02,1758.02,30.86,29.61,0
28742821,1,6.69,4.82,1167.94,1167.94,15.95,16.34,0
84088858,1,2.95,1.92,1577.28,1577.28,58.8,61.05,0
44329921,1,4.35,0.43,1533.62,1533.62,53.45,55.5,0
54901265,1,5.82,2.39,1871.33,1871.33,30.0,30.95,0
23761902,1,5.46,3.88,1583.97,1583.97,19.53,20.27,0
67526671,1,3.58,0.9,1843.98,1843.98,44.58,46.39,0
17528847,1,6.21,3.29,1650.61,1650.61,7.07,6.96,0
22910957,1,4.02,2.45,1494.94,1494.94,24.64,25.12,0
40424428,1,7.89,3.55,857.65,857.65,34.8,35.03,0
53560187,1,7.52,4.74,1535.85,1535.85,37.5,38.7,0
64823348,1,6.58,1.91,1654.4,1654.4,45.02,43.36,0
62479619,1,3.09,1.21,1532.89,1532.89,40.79,42.36,0
16089500,1,4.31,2.54,1034.07,1034.07,57.04,58.33,0
71541281,1,3.34,2.14,1977.96,1977.96,56.08,57.7,0
88388766,1,6.94,2.71,1023.44,1023.44,43.98,45.94,0
34235104,1,2.45,1.57,1564.54,1564.54,53.93,53.71,0
86403310,1,6.02,1.2,1881.8,1881.8,1.43,1.48,0
58540291,1,7.14,3.5,1359.04,1359.04,59.76,60.32,0
37283094,1,3.15,1.1,1917.33,1917.33,30.35,29.03,0
63583988,1,7.69,6.46,1227.37,1227.37,15.22,15.44,0
81310177,1,6.5,1.1,1082.95,1082.95,53.22,52.4,0
50163033,1,6.07,5.58,1669.28,1669.28,41.4,43.18,0
56311788,1,3.77,2.53,1597.81,1597.81,15.59,15.23,0
10731738,1,2.11,0.27,1843.33,1843.33,28.57,29.23,0
53652971,1,7.54,5.5,1972.7,1972.7,24.79,25.76,0
30920927,1,4.88,2.98,1098.94,1098.94,6.22,6.44,0
66782040,1,2.33,2.03,1978.63,1978.63,50.1,49.0,0
85073659,1,7.01,4.56,1461.8,1461.8,15.67,16.3,0
24325776,1,5.76,2.65,1147.64,1147.64,30.58,29.65,0
78492171,1,4.28,1.24,807.24,807.24,26.49,26.5,0
99706671,1,7.2,6.55,1646.61,1646.61,43.91,42.89,0
62004707,1,2.86,1.0,866.9,866.9,5.85,5.78,0
47131284,1,2.84,0.4,1012.93,1012.93,44.49,44.93,0
92631712,1,7.44,7.14,912.21,912.21,8.57,8.58,0
55324807,1,3.56,0.68,980.77,980.77,18.78,18.97,0
26055852,1,6.75,3.98,1830.11,1830.11,35.45,34.6,0
70012827,1,2.31,0.79,1855.51,1855.51,50.63,50.58,0
36552563,1,7.89,7.02,1892.07,1892.07,37.67,37.38,0
44708113,1,4.46,3.57,1780.2,1780.2,46.87,49.16,0
54383497,1,6.95,3.75,1457.3,1457.3,46.88,49.03,0
38344561,1,2.76,0.88,1666.87,1666.87,35.44,35.28,0
51839554,1,3.72,1.53,1387.51,1387.51,4.6,4.79,0
37162618,1,2.64,1.53,808.95,808.95,4.23,4.13,0
47052755,1,2.31,1.36,920.89,920.89,49.56,47.98,0
60034198,1,7.02,2.25,843.13,843.13,3.84,3.87,0
54549479,1,6.7,1.68,1524.26,1524.26,50.9,52.29,0
52088682,1,6.44,1.16,1198.56,1198.56,3.83,3.95,0
19761734,1,3.86,1.2,1882.77,1882.77,13.58,13.09,0
68889123,1,3.48,2.54,1618.78,1618.78,28.23,27.89,0
53302779,1,4.91,3.98,1859.13,1859.13,20.86,20.06,0
88842535,1,5.19,4.46,859.77,859.77,27.58,27.08,0
58204009,1,2.53,0.53,1427.04,1427.04,12.38,12.29,0
